Page Name,URL,Primary Keyword,Focus Keywords,Meta Title,Meta Description,H1 Heading,H2 Headings,Schema Types Used,Status
Home Page,https://www.mbawizards.co.in,MBA Coaching & Admissions Consulting,"GMAT coaching, GRE prep, CAT coaching, MBA admissions consulting, ISB admissions","Personalized GMAT, GRE & CAT Coaching for Top MBA Admissions","Achieve your MBA dream with MBA Wizards. Expert coaching for GMAT, GRE, CAT, and admissions counseling. Personalized study plans, AI-based analytics, and proven success for Indian aspirants.","Personalized GMAT, GRE & CAT Coaching for Top MBA Admissions",Proven Admissions Methodology | Student Score Improvement | Comprehensive Test Preparation | Global B-School Results,"EducationalOrganization, WebSite, BreadcrumbList, FAQPage",Live & Schema Validated
About Us,https://www.mbawizards.co.in/about-us,About MBA Wizards,"Surinder Gupta IIT Roorkee, MBA Wizards history, Manthan methodology, 22400 students mentored",About Us | Top MBA Entrance Coaching & Admissions Counseling,"Learn about MBA Wizards, founded in 1995 by IIT Roorkee alumni. Discover our proprietary Ability-Based Model, Manthan Methodology, and track record of 22,400+ students mentored.",About MBA Wizards — Pioneers in Adaptive MBA Entrance Preparation,Our Story & Vision | The Manthan Pedagogy | Leadership & Faculty | 28+ Years Track Record,"AboutPage, EducationalOrganization, BreadcrumbList, FAQPage",Live & Schema Validated
Blog Hub (Legacy Route),https://www.mbawizards.co.in/blog,MBA Test Prep Hub,"GMAT exam guides, CAT tips, GRE preparation articles",,,MBA Wizards Knowledge Base,Search Articles | Top Admissions Guides | Score Improvement Debriefs,"EducationalOrganization, WebSite, FAQPage, BreadcrumbList",Live & Schema Validated
MBA Blogs & Insights,https://www.mbawizards.co.in/blogs,MBA Preparation Blog,"GMAT Focus tips, CAT exam analysis, GRE strategy, MBA interview questions, B-school essays",MBA Preparation Blog & Admissions Insights | MBA Wizards,"Explore 100+ expert guides on GMAT Focus Edition, GRE strategies, CAT preparation, top MBA interview questions, application essays, and success stories by IIT Roorkee alumni.",MBA Wizards Study Hub &amp; Blog,Latest Strategy Guides | Exam Breakdown & Analysis | Admissions Case Studies | Interview Frameworks,"Blog, EducationalOrganization, BreadcrumbList, FAQPage",Live & Schema Validated
CAT 2025 Coaching,https://www.mbawizards.co.in/cat-2025,CAT 2025 Coaching,"crack CAT 2025, best CAT coaching, IIM calls, CAT QA DILR VARC, IIT alumni CAT prep",Crack CAT 2025 / 2026 with MBA Wizards | Best CAT Coaching,"Top CAT coaching by IIT Roorkee alumni. Master Quantitative Aptitude, DILR, and VARC with our ability-based Manthan Methodology. Classroom & online options.",Crack CAT 2025 / 2026 with MBA Wizards | Top CAT Coaching,Manthan Ability-Based Pedagogy | 99+ Percentile Mentors | Unlimited CBT Mocks | WAT-PI Preparation,"Course, Organization, BreadcrumbList, FAQPage",Live & Schema Validated
Chandigarh - Cat Coaching In Chandigarh,https://www.mbawizards.co.in/cat-coaching-in-chandigarh,CAT Coaching in Chandigarh,"CAT coaching classes Chandigarh, 99 percentile IIM prep Chandigarh, CAT QA DILR VARC",Best CAT Coaching in Chandigarh — IIM Admits | MBA Wizards,"Top CAT coaching in Chandigarh by IIT alumni. Ability-Based Manthan model, AI analytics, unlimited mocks. IIM admits every year. Book a free demo.",Best CAT Coaching in Chandigarh,Why Choose MBA Wizards | Ability-Based Model | Student Success | Verified Results,"EducationalOrganization, BreadcrumbList, FAQPage",Live & Schema Validated
Delhi - Cat Coaching In Delhi,https://www.mbawizards.co.in/cat-coaching-in-delhi,CAT Coaching in Delhi,"CAT coaching classes Delhi, 99 percentile IIM prep Delhi, CAT QA DILR VARC",Best CAT Coaching in Delhi — IIM Admits | MBA Wizards,"Premier CAT coaching in Delhi. Manthan ability-based model, 95% success rate, unlimited mocks, WAT-PI prep. IIM alumni faculty. Book your free diagnostic session.",Best CAT Coaching in Delhi,Why Choose MBA Wizards | Ability-Based Model | Student Success | Verified Results,"EducationalOrganization, BreadcrumbList, FAQPage",Live & Schema Validated
Gurgaon - Cat Coaching In Gurgaon,https://www.mbawizards.co.in/cat-coaching-in-gurgaon,CAT Coaching in Gurgaon,"CAT coaching classes Gurgaon, 99 percentile IIM prep Gurgaon, CAT QA DILR VARC",Best CAT Coaching in Gurgaon — IIM Admits | MBA Wizards,Expert CAT coaching in Gurgaon at DLF Phase 4 Galleria & Sector 50. Ability-Based Manthan methodology. 95% success rate. IIM admits every year. Book a free demo.,Best CAT Coaching in Gurgaon,Why Choose MBA Wizards | Ability-Based Model | Student Success | Verified Results,"EducationalOrganization, BreadcrumbList, FAQPage",Live & Schema Validated
Hyderabad - Cat Coaching In Hyderabad,https://www.mbawizards.co.in/cat-coaching-in-hyderabad,CAT Coaching in Hyderabad,"CAT coaching classes Hyderabad, 99 percentile IIM prep Hyderabad, CAT QA DILR VARC",Best CAT Coaching in Hyderabad — IIM Admits | MBA Wizards,"Expert CAT coaching in Hyderabad with Ability-Based Manthan model. IIM alumni faculty, AI analytics, unlimited mocks, WAT-PI preparation. 95% success rate.",Best CAT Coaching in Hyderabad,Why Choose MBA Wizards | Ability-Based Model | Student Success | Verified Results,"EducationalOrganization, BreadcrumbList, FAQPage",Live & Schema Validated
Mumbai - Cat Coaching In Mumbai,https://www.mbawizards.co.in/cat-coaching-in-mumbai,CAT Coaching in Mumbai,"CAT coaching classes Mumbai, 99 percentile IIM prep Mumbai, CAT QA DILR VARC",Best CAT Coaching in Mumbai — IIM Admits | MBA Wizards,"Top CAT coaching in Mumbai with Ability-Based model. IIM alumni faculty, unlimited full-length mocks, AI performance analytics, WAT-PI prep. Book free demo.",Best CAT Coaching in Mumbai,Why Choose MBA Wizards | Ability-Based Model | Student Success | Verified Results,"EducationalOrganization, BreadcrumbList, FAQPage",Live & Schema Validated
Noida - Cat Coaching In Noida,https://www.mbawizards.co.in/cat-coaching-in-noida,CAT Coaching in Noida,"CAT coaching classes Noida, 99 percentile IIM prep Noida, CAT QA DILR VARC",Best CAT Coaching in Noida — IIM Admits | MBA Wizards,"Top CAT coaching in Noida with Ability-Based pedagogy, IIM alumni faculty, unlimited mocks, and WAT-PI prep. 95% success rate. Book free demo today.",Best CAT Coaching in Noida,Why Choose MBA Wizards | Ability-Based Model | Student Success | Verified Results,"EducationalOrganization, BreadcrumbList, FAQPage",Live & Schema Validated
Pune - Cat Coaching In Pune,https://www.mbawizards.co.in/cat-coaching-in-pune,CAT Coaching in Pune,"CAT coaching classes Pune, 99 percentile IIM prep Pune, CAT QA DILR VARC",Best CAT Coaching in Pune — IIM Admits | MBA Wizards,"Expert CAT coaching in Pune. Ability-Based Manthan methodology, AI analytics, unlimited mocks, WAT-PI prep. IIM alumni faculty. 95% success rate.",Best CAT Coaching in Pune,Why Choose MBA Wizards | Ability-Based Model | Student Success | Verified Results,"EducationalOrganization, BreadcrumbList, FAQPage",Live & Schema Validated
Contact Us,https://www.mbawizards.co.in/contact-us,MBA Wizards Contact & Centers,"MBA Wizards phone number, Gurgaon coaching centers, DLF Galleria office, South City 2 center",Contact Us | MBA Wizards Coaching & Admissions Centers,"Get in touch with MBA Wizards. Visit our centers in Galleria DLF Phase 4 & South City 2 Gurgaon, or call +91-9958041888 for expert GMAT, GRE & CAT counseling.",Contact MBA Wizards,Visit Our Centers | Book a Free Strategy Session | Operating Hours | Get in Touch,"ContactPage, EducationalOrganization, BreadcrumbList, FAQPage",Live & Schema Validated
Corporate Training & Placement Prep,https://www.mbawizards.co.in/corporate-training,Corporate Training Placement Aptitude,"campus placement preparation, aptitude training colleges, TCS-iON CCQT prep, GD PI corporate workshops",Corporate Training & Campus Placement Preparation | MBA Wizards,"Comprehensive corporate training, campus placement aptitude modules, and TCS-iON CCQT preparation by MBA Wizards. University partnerships and executive coaching.",Corporate Training & Campus Placement Preparation,Quantitative & Logical Modules | Verbal Communication Clinics | GD & Case Interview Workshops | Institutional Partnerships,"Service, Organization, BreadcrumbList, FAQPage",Live & Schema Validated
Education Loan Advisory,https://www.mbawizards.co.in/education-loan,Education Loan Study Abroad,"MBA education loan, collateral free loan MBA, SBI scholar loan, HDFC Credila, Prodigy Finance MPower","Education Loans for Study Abroad | Compare SBI, HDFC Credila, MPower — MBA Wizards",Fast approval education loans for international MBA and Master,"Education Loans for Study Abroad | Compare SBI, HDFC Credila, MPower",Secured vs Unsecured Loans | Non-Collateral Global Loans | Documentation Checklist | Free Loan Advisory,"FinancialProduct, Organization, BreadcrumbList, FAQPage",Live & Schema Validated
GMAT+CAT Dual Coaching,https://www.mbawizards.co.in/gmat-cat-coaching,GMAT CAT Coaching,"GMAT CAT combined prep, prepare for CAT and GMAT together, IIM and ISB prep",GMAT + CAT Coaching | Comprehensive MBA Prep — MBA Wizards,"Prepare for both GMAT and CAT with MBA Wizards. Unified quantitative, verbal, and data interpretation syllabus designed for IIMs, ISB, and global business schools.",GMAT + CAT Dual Coaching Program | Comprehensive MBA Prep,Unified Quant & Verbal Syllabus | Strategic Milestone Calendar | IIMs & ISB Pathways | Dual Mock Series,"Course, Organization, BreadcrumbList, FAQPage",Live & Schema Validated
Bangalore - Gmat Cat Coaching In Bangalore,https://www.mbawizards.co.in/gmat-cat-coaching-in-bangalore,GMAT CAT Coaching in Bangalore,"GMAT CAT dual prep Bangalore, IIM ISB coaching Bangalore, best combined classes",Best GMAT+CAT Dual Coaching in Bangalore — MBA Wizards,Top GMAT+CAT coaching in Bangalore for engineers and tech professionals. Master both exams with IIT alumni mentors and comprehensive adaptive mocks.,Best GMAT+CAT Coaching in Bangalore,Why Choose MBA Wizards | Ability-Based Model | Student Success | Verified Results,"EducationalOrganization, BreadcrumbList, FAQPage",Live & Schema Validated
Chandigarh - Gmat Cat Coaching In Chandigarh,https://www.mbawizards.co.in/gmat-cat-coaching-in-chandigarh,GMAT CAT Coaching in Chandigarh,"GMAT CAT dual prep Chandigarh, IIM ISB coaching Chandigarh, best combined classes",Best GMAT+CAT Dual Coaching in Chandigarh — MBA Wizards,"Leading GMAT+CAT coaching in Chandigarh, Mohali & Panchkula. IIT alumni mentors, adaptive mocks, and study abroad & IIM counseling.",Best GMAT+CAT Coaching in Chandigarh,Why Choose MBA Wizards | Ability-Based Model | Student Success | Verified Results,"EducationalOrganization, BreadcrumbList, FAQPage",Live & Schema Validated
Chennai - Gmat Cat Coaching In Chennai,https://www.mbawizards.co.in/gmat-cat-coaching-in-chennai,GMAT CAT Coaching in Chennai,"GMAT CAT dual prep Chennai, IIM ISB coaching Chennai, best combined classes",Best GMAT+CAT Dual Coaching in Chennai — MBA Wizards,"Leading GMAT+CAT coaching in Chennai for college students and IT professionals. IIT faculty mentors, dual test strategy, and proven 99%ile results.",Best GMAT+CAT Coaching in Chennai,Why Choose MBA Wizards | Ability-Based Model | Student Success | Verified Results,"EducationalOrganization, BreadcrumbList, FAQPage",Live & Schema Validated
Delhi - Gmat Cat Coaching In Delhi,https://www.mbawizards.co.in/gmat-cat-coaching-in-delhi,GMAT CAT Coaching in Delhi,"GMAT CAT dual prep Delhi, IIM ISB coaching Delhi, best combined classes",Best GMAT+CAT Dual Coaching in Delhi — MBA Wizards,Premier GMAT+CAT combined coaching in Delhi by IIT Roorkee alumni. Prepare for IIMs and global business schools with one unified strategy.,Best GMAT+CAT Coaching in Delhi,Why Choose MBA Wizards | Ability-Based Model | Student Success | Verified Results,"EducationalOrganization, BreadcrumbList, FAQPage",Live & Schema Validated
Gurgaon - Gmat Cat Coaching In Gurgaon,https://www.mbawizards.co.in/gmat-cat-coaching-in-gurgaon,GMAT CAT Coaching in Gurgaon,"GMAT CAT dual prep Gurgaon, IIM ISB coaching Gurgaon, best combined classes",Best GMAT+CAT Dual Coaching in Gurgaon — MBA Wizards,"Integrated GMAT and CAT dual coaching in Gurgaon at Galleria DLF Phase 4 & Sector 50. Prepare for IIMs, ISB & top global B-schools simultaneously.",Best GMAT+CAT Coaching in Gurgaon,Why Choose MBA Wizards | Ability-Based Model | Student Success | Verified Results,"EducationalOrganization, BreadcrumbList, FAQPage",Live & Schema Validated
Hyderabad - Gmat Cat Coaching In Hyderabad,https://www.mbawizards.co.in/gmat-cat-coaching-in-hyderabad,GMAT CAT Coaching in Hyderabad,"GMAT CAT dual prep Hyderabad, IIM ISB coaching Hyderabad, best combined classes",Best GMAT+CAT Dual Coaching in Hyderabad — MBA Wizards,"Premier GMAT+CAT coaching in Hyderabad for HITEC City techies and college graduates. IIT mentors, dual test strategy, and guaranteed results.",Best GMAT+CAT Coaching in Hyderabad,Why Choose MBA Wizards | Ability-Based Model | Student Success | Verified Results,"EducationalOrganization, BreadcrumbList, FAQPage",Live & Schema Validated
Mumbai - Gmat Cat Coaching In Mumbai,https://www.mbawizards.co.in/gmat-cat-coaching-in-mumbai,GMAT CAT Coaching in Mumbai,"GMAT CAT dual prep Mumbai, IIM ISB coaching Mumbai, best combined classes",Best GMAT+CAT Dual Coaching in Mumbai — MBA Wizards,"Top GMAT+CAT dual coaching in Mumbai for finance and tech professionals. IIT alumni mentors, weekend batches, and top B-school admissions.",Best GMAT+CAT Coaching in Mumbai,Why Choose MBA Wizards | Ability-Based Model | Student Success | Verified Results,"EducationalOrganization, BreadcrumbList, FAQPage",Live & Schema Validated
Noida - Gmat Cat Coaching In Noida,https://www.mbawizards.co.in/gmat-cat-coaching-in-noida,GMAT CAT Coaching in Noida,"GMAT CAT dual prep Noida, IIM ISB coaching Noida, best combined classes",Best GMAT+CAT Dual Coaching in Noida — MBA Wizards,Top GMAT+CAT dual coaching in Noida & Greater Noida. Highly personalized classes by IIT mentors. Target IIMs and international B-schools.,Best GMAT+CAT Coaching in Noida,Why Choose MBA Wizards | Ability-Based Model | Student Success | Verified Results,"EducationalOrganization, BreadcrumbList, FAQPage",Live & Schema Validated
Pune - Gmat Cat Coaching In Pune,https://www.mbawizards.co.in/gmat-cat-coaching-in-pune,GMAT CAT Coaching in Pune,"GMAT CAT dual prep Pune, IIM ISB coaching Pune, best combined classes",Best GMAT+CAT Dual Coaching in Pune — MBA Wizards,"Best GMAT+CAT dual coaching in Pune for engineers and students. IIT alumni faculty, dual test strategy, and guaranteed score improvement.",Best GMAT+CAT Coaching in Pune,Why Choose MBA Wizards | Ability-Based Model | Student Success | Verified Results,"EducationalOrganization, BreadcrumbList, FAQPage",Live & Schema Validated
GMAT Coaching,https://www.mbawizards.co.in/gmat-coaching,GMAT Coaching,"best GMAT coaching, GMAT Focus Edition prep, 705+ GMAT score, GMAT classes Gurgaon, online GMAT classes",Best GMAT Coaching | Expert Preparation Classes | MBA Wizards,Transform your GMAT scores with MBA Wizards,Best GMAT Coaching Classes | Focus Edition Preparation,Ability-Based GMAT Model | 99th Percentile Mentors | Comprehensive Curriculum | Verified 705+ Scores,"Course, Organization, BreadcrumbList, FAQPage",Live & Schema Validated
Bangalore - Gmat Coaching In Bangalore,https://www.mbawizards.co.in/gmat-coaching-in-bangalore,GMAT Coaching in Bangalore,"best GMAT coaching Bangalore, 705+ GMAT Focus prep, top GMAT classes Bangalore",Best GMAT Coaching in Bangalore | Top Classes — MBA Wizards,"Top GMAT coaching in Bangalore for IT, product, and startup professionals. Elite IIT mentors, 700+ Focus Edition strategy, and small batches.",Best GMAT Coaching in Bangalore,Why Choose MBA Wizards | Ability-Based Model | Student Success | Verified Results,"EducationalOrganization, BreadcrumbList, FAQPage",Live & Schema Validated
Chandigarh - Gmat Coaching In Chandigarh,https://www.mbawizards.co.in/gmat-coaching-in-chandigarh,GMAT Coaching in Chandigarh,"best GMAT coaching Chandigarh, 705+ GMAT Focus prep, top GMAT classes Chandigarh",Best GMAT Coaching in Chandigarh | Top Classes — MBA Wizards,"Premier GMAT coaching for students in Chandigarh, Mohali & Panchkula. IIT alumni mentors, adaptive mocks, and guaranteed score improvement.",Best GMAT Coaching in Chandigarh,Why Choose MBA Wizards | Ability-Based Model | Student Success | Verified Results,"EducationalOrganization, BreadcrumbList, FAQPage",Live & Schema Validated
Delhi - Gmat Coaching In Delhi,https://www.mbawizards.co.in/gmat-coaching-in-delhi,GMAT Coaching in Delhi,"best GMAT coaching Delhi, 705+ GMAT Focus prep, top GMAT classes Delhi",Best GMAT Coaching in Delhi | Top GMAT Classes — MBA Wizards,Join the leading GMAT coaching in Delhi. Personalized training by IIT Roorkee alumni. 100+ points score improvement guarantee. Book a free demo!,Best GMAT Coaching in Delhi,Why Choose MBA Wizards | Ability-Based Model | Student Success | Verified Results,"EducationalOrganization, BreadcrumbList, FAQPage",Live & Schema Validated
Gurgaon - Gmat Coaching In Gurgaon,https://www.mbawizards.co.in/gmat-coaching-in-gurgaon,GMAT Coaching in Gurgaon,"best GMAT coaching Gurgaon, 705+ GMAT Focus prep, top GMAT classes Gurgaon",Best GMAT Coaching in Gurgaon | Top GMAT Classes — MBA Wizards,Join the best GMAT coaching in Gurgaon at Galleria DLF Phase 4 & Sector 50. Mentored by IIT Roorkee alumni. 700+ guaranteed score improvement.,Best GMAT Coaching in Gurgaon,Why Choose MBA Wizards | Ability-Based Model | Student Success | Verified Results,"EducationalOrganization, BreadcrumbList, FAQPage",Live & Schema Validated
Hyderabad - Gmat Coaching In Hyderabad,https://www.mbawizards.co.in/gmat-coaching-in-hyderabad,GMAT Coaching in Hyderabad,"best GMAT coaching Hyderabad, 705+ GMAT Focus prep, top GMAT classes Hyderabad",Best GMAT Coaching in Hyderabad | GMAT Classes — MBA Wizards,"Premier GMAT coaching in Hyderabad for HITEC City techies and students. IIT Roorkee alumni mentorship, Focus Edition mocks, and guaranteed results.",Best GMAT Coaching in Hyderabad,Why Choose MBA Wizards | Ability-Based Model | Student Success | Verified Results,"EducationalOrganization, BreadcrumbList, FAQPage",Live & Schema Validated
Mumbai - Gmat Coaching In Mumbai,https://www.mbawizards.co.in/gmat-coaching-in-mumbai,GMAT Coaching in Mumbai,"best GMAT coaching Mumbai, 705+ GMAT Focus prep, top GMAT classes Mumbai",Best GMAT Coaching in Mumbai | Top GMAT Classes — MBA Wizards,Top GMAT coaching in Mumbai for finance and tech professionals. Live interactive batches by IIT alumni. Proven 700+ GMAT Focus scores.,Best GMAT Coaching in Mumbai,Why Choose MBA Wizards | Ability-Based Model | Student Success | Verified Results,"EducationalOrganization, BreadcrumbList, FAQPage",Live & Schema Validated
Noida - Gmat Coaching In Noida,https://www.mbawizards.co.in/gmat-coaching-in-noida,GMAT Coaching in Noida,"best GMAT coaching Noida, 705+ GMAT Focus prep, top GMAT classes Noida",Best GMAT Coaching in Noida | GMAT Classes — MBA Wizards,Top GMAT coaching in Noida & Greater Noida. Highly personalized GMAT Focus training by IIT mentors. 700+ score guarantee with flexible batches.,Best GMAT Coaching in Noida,Why Choose MBA Wizards | Ability-Based Model | Student Success | Verified Results,"EducationalOrganization, BreadcrumbList, FAQPage",Live & Schema Validated
Pune - Gmat Coaching In Pune,https://www.mbawizards.co.in/gmat-coaching-in-pune,GMAT Coaching in Pune,"best GMAT coaching Pune, 705+ GMAT Focus prep, top GMAT classes Pune",Best GMAT Coaching in Pune | Top GMAT Classes — MBA Wizards,Join the best GMAT coaching in Pune. Expert preparation by IIT Roorkee alumni for engineers and students. Guaranteed 700+ GMAT Focus score.,Best GMAT Coaching in Pune,Why Choose MBA Wizards | Ability-Based Model | Student Success | Verified Results,"EducationalOrganization, BreadcrumbList, FAQPage",Live & Schema Validated
GMAT+GRE Dual Coaching,https://www.mbawizards.co.in/gmat-gre-coaching,GMAT GRE Coaching,"GMAT and GRE coaching, dual test prep, combined GMAT GRE classes, MBA vs MS prep",GMAT GRE Coaching | Personalized Test Prep — MBA Wizards,"Looking for expert GMAT GRE coaching? MBA Wizards offers personalized, adaptive coaching, small batches, comprehensive study material, and end-to-end admission consulting.",GMAT & GRE Dual Prep Coaching Program,Integrated Curriculum | Dual Exam Flexibility | Syllabus Synergy | Comprehensive Test Series,"Course, Organization, BreadcrumbList, FAQPage",Live & Schema Validated
GMAT+GRE Coaching in Gurgaon,https://www.mbawizards.co.in/gmat-gre-coaching-in-gurgaon,GMAT GRE Coaching in Gurgaon,"GMAT GRE classes Gurgaon, DLF Phase 4 coaching, Galleria GMAT GRE classes, weekend batches Cyber City",GMAT GRE Coaching in Gurgaon | Best Test Prep — MBA Wizards,Master both GMAT and GRE with MBA Wizards,Best GMAT+GRE Coaching in Gurgaon,DLF Galleria Classroom Center | Integrated Dual Prep | Weekend Professional Batches | Proven Results,"EducationalOrganization, BreadcrumbList, FAQPage",Live & Schema Validated
GMAT Preparation Guide,https://www.mbawizards.co.in/gmat-preparation,GMAT Preparation Strategy,"GMAT exam prep 2025, GMAT study plan, GMAT Focus syllabus, 3 month GMAT schedule","GMAT Exam Preparation 2025 / 2026 | Strategy, Pattern & Study Plans — MBA Wizards","Comprehensive GMAT exam preparation by IIT Roorkee alumni. Complete pattern guide, registration steps, level-based study plans, and 70+ hours of live classes.","GMAT Exam Preparation 2025 / 2026 | Strategy, Pattern & Study Plans",GMAT Focus Exam Pattern | Step-by-Step Study Plans | Common Pitfalls to Avoid | Practice Resources,"Course, Organization, BreadcrumbList, FAQPage",Live & Schema Validated
GMAT Toppers Hall of Fame,https://www.mbawizards.co.in/gmat-toppers,GMAT Toppers,"GMAT 760 770 780 scorers, MBA Wizards toppers, GMAT student reviews, top admits ISB Harvard",GMAT Toppers Hall of Fame | Top GMAT Scores 760 - 780 — MBA Wizards,"Meet MBA Wizards GMAT toppers who scored 760, 770, and 780 and secured admissions into Harvard, Stanford, Wharton, Kellogg, INSEAD, and ISB.",GMAT Toppers Hall of Fame | Top GMAT Scores 760 - 780,Our High Scorers | Student Testimonials | Score Transformation Debriefs | Target B-School Admits,"AboutPage, Organization, BreadcrumbList, FAQPage",Live & Schema Validated
Bangalore - Gmatgre Coaching In Bangalore,https://www.mbawizards.co.in/gmatgre-coaching-in-bangalore,GMAT GRE Coaching in Bangalore,"GMAT GRE dual prep Bangalore, MS MBA admissions Bangalore, weekend batches",Best GMAT+GRE Dual Coaching in Bangalore — MBA Wizards,Top GMAT+GRE coaching in Bangalore for engineers and tech professionals. Master both exams with IIT alumni mentors and comprehensive adaptive mocks.,Best GMAT+GRE Coaching in Bangalore,Why Choose MBA Wizards | Ability-Based Model | Student Success | Verified Results,"EducationalOrganization, BreadcrumbList, FAQPage",Live & Schema Validated
Chandigarh - Gmatgre Coaching In Chandigarh,https://www.mbawizards.co.in/gmatgre-coaching-in-chandigarh,GMAT GRE Coaching in Chandigarh,"GMAT GRE dual prep Chandigarh, MS MBA admissions Chandigarh, weekend batches",Best GMAT+GRE Dual Coaching in Chandigarh — MBA Wizards,"Premier GMAT+GRE combined coaching for Chandigarh, Mohali & Panchkula. IIT alumni faculty, dual test mocks, and study abroad counseling.",Best GMAT+GRE Coaching in Chandigarh,Why Choose MBA Wizards | Ability-Based Model | Student Success | Verified Results,"EducationalOrganization, BreadcrumbList, FAQPage",Live & Schema Validated
Delhi - Gmatgre Coaching In Delhi,https://www.mbawizards.co.in/gmatgre-coaching-in-delhi,GMAT GRE Coaching in Delhi,"GMAT GRE dual prep Delhi, MS MBA admissions Delhi, weekend batches",Best GMAT+GRE Dual Coaching in Delhi — MBA Wizards,"Leading GMAT+GRE coaching in Delhi. Expert IIT Roorkee mentors, combined syllabus efficiency, and top global university admissions support.",Best GMAT+GRE Coaching in Delhi,Why Choose MBA Wizards | Ability-Based Model | Student Success | Verified Results,"EducationalOrganization, BreadcrumbList, FAQPage",Live & Schema Validated
Hyderabad - Gmatgre Coaching In Hyderabad,https://www.mbawizards.co.in/gmatgre-coaching-in-hyderabad,GMAT GRE Coaching in Hyderabad,"GMAT GRE dual prep Hyderabad, MS MBA admissions Hyderabad, weekend batches",Best GMAT+GRE Dual Coaching in Hyderabad — MBA Wizards,"Premier GMAT+GRE coaching in Hyderabad for HITEC City techies and college graduates. IIT mentors, dual test strategy, and guaranteed results.",Best GMAT+GRE Coaching in Hyderabad,Why Choose MBA Wizards | Ability-Based Model | Student Success | Verified Results,"EducationalOrganization, BreadcrumbList, FAQPage",Live & Schema Validated
Mumbai - Gmatgre Coaching In Mumbai,https://www.mbawizards.co.in/gmatgre-coaching-in-mumbai,GMAT GRE Coaching in Mumbai,"GMAT GRE dual prep Mumbai, MS MBA admissions Mumbai, weekend batches",Best GMAT+GRE Dual Coaching in Mumbai — MBA Wizards,"Top GMAT+GRE dual coaching in Mumbai for finance and tech professionals. IIT alumni mentors, weekend batches, and global MBA/MS admissions support.",Best GMAT+GRE Coaching in Mumbai,Why Choose MBA Wizards | Ability-Based Model | Student Success | Verified Results,"EducationalOrganization, BreadcrumbList, FAQPage",Live & Schema Validated
Noida - Gmatgre Coaching In Noida,https://www.mbawizards.co.in/gmatgre-coaching-in-noida,GMAT GRE Coaching in Noida,"GMAT GRE dual prep Noida, MS MBA admissions Noida, weekend batches",Best GMAT+GRE Dual Coaching in Noida — MBA Wizards,Integrated GMAT GRE coaching in Noida. Live online & hybrid classes by IIT faculty. One comprehensive course for global MBA and MS admissions.,Best GMAT+GRE Coaching in Noida,Why Choose MBA Wizards | Ability-Based Model | Student Success | Verified Results,"EducationalOrganization, BreadcrumbList, FAQPage",Live & Schema Validated
Pune - Gmatgre Coaching In Pune,https://www.mbawizards.co.in/gmatgre-coaching-in-pune,GMAT GRE Coaching in Pune,"GMAT GRE dual prep Pune, MS MBA admissions Pune, weekend batches",Best GMAT+GRE Dual Coaching in Pune — MBA Wizards,"Best GMAT+GRE coaching in Pune for engineering students and young professionals. IIT Roorkee alumni mentors, dual test strategy, and guaranteed results.",Best GMAT+GRE Coaching in Pune,Why Choose MBA Wizards | Ability-Based Model | Student Success | Verified Results,"EducationalOrganization, BreadcrumbList, FAQPage",Live & Schema Validated
GRE Coaching Classes,https://www.mbawizards.co.in/gre-coaching-classes,GRE Coaching Classes,"best GRE coaching, GRE test prep classes, GRE vocabulary mnemonics, 325+ GRE score, MS admissions",GRE Coaching Classes | Elite Test Prep & Admissions — MBA Wizards,"Crack the GRE with confidence. MBA Wizards offers expert GRE coaching, shorter exam format preparation, vocabulary mastery, and elite MS/MBA admissions counseling.",GRE Coaching Classes | Elite Test Prep & Admissions Counseling,Shorter GRE Format Mastery | Vocabulary Architecture | Quant 170 Strategy | Global MS & MBA Admits,"Course, Organization, BreadcrumbList, FAQPage",Live & Schema Validated
Bangalore - Gre Coaching In Bangalore,https://www.mbawizards.co.in/gre-coaching-in-bangalore,GRE Coaching in Bangalore,"GRE coaching classes Bangalore, 325+ score target, GRE verbal quant Bangalore",Best GRE Coaching in Bangalore | Top Classes — MBA Wizards,"Premier GRE coaching in Bangalore for software engineers and tech graduates. IIT alumni mentors, 325+ target pedagogy, and adaptive mocks.",Best GRE Coaching in Bangalore,Why Choose MBA Wizards | Ability-Based Model | Student Success | Verified Results,"EducationalOrganization, BreadcrumbList, FAQPage",Live & Schema Validated
Chandigarh - Gre Coaching In Chandigarh,https://www.mbawizards.co.in/gre-coaching-in-chandigarh,GRE Coaching in Chandigarh,"GRE coaching classes Chandigarh, 325+ score target, GRE verbal quant Chandigarh",Best GRE Coaching in Chandigarh | Top Classes — MBA Wizards,"Best GRE coaching in Chandigarh, Mohali & Panchkula. High-scoring Verbal & Quant strategies, study abroad guidance, and adaptive mocks.",Best GRE Coaching in Chandigarh,Why Choose MBA Wizards | Ability-Based Model | Student Success | Verified Results,"EducationalOrganization, BreadcrumbList, FAQPage",Live & Schema Validated
Delhi - Gre Coaching In Delhi,https://www.mbawizards.co.in/gre-coaching-in-delhi,GRE Coaching in Delhi,"GRE coaching classes Delhi, 325+ score target, GRE verbal quant Delhi",Best GRE Coaching in Delhi | Top GRE Classes — MBA Wizards,Premier GRE coaching in Delhi by IIT Roorkee alumni. High-percentile Verbal & Quant techniques for top global university admissions.,Best GRE Coaching in Delhi,Why Choose MBA Wizards | Ability-Based Model | Student Success | Verified Results,"EducationalOrganization, BreadcrumbList, FAQPage",Live & Schema Validated
Gurgaon - Gre Coaching In Gurgaon,https://www.mbawizards.co.in/gre-coaching-in-gurgaon,GRE Coaching in Gurgaon,"GRE coaching classes Gurgaon, 325+ score target, GRE verbal quant Gurgaon",Best GRE Coaching in Gurgaon | Top GRE Classes — MBA Wizards,"Elite GRE coaching in Gurgaon at DLF Galleria & South City 2. IIT Roorkee alumni faculty, 325+ target score plans, and 1-on-1 vocabulary clinics.",Best GRE Coaching in Gurgaon,Why Choose MBA Wizards | Ability-Based Model | Student Success | Verified Results,"EducationalOrganization, BreadcrumbList, FAQPage",Live & Schema Validated
Hyderabad - Gre Coaching In Hyderabad,https://www.mbawizards.co.in/gre-coaching-in-hyderabad,GRE Coaching in Hyderabad,"GRE coaching classes Hyderabad, 325+ score target, GRE verbal quant Hyderabad",Best GRE Coaching in Hyderabad | GRE Classes — MBA Wizards,Top GRE coaching in Hyderabad for engineering students and IT professionals. 325+ target training by IIT Roorkee alumni. Book a free demo!,Best GRE Coaching in Hyderabad,Why Choose MBA Wizards | Ability-Based Model | Student Success | Verified Results,"EducationalOrganization, BreadcrumbList, FAQPage",Live & Schema Validated
Mumbai - Gre Coaching In Mumbai,https://www.mbawizards.co.in/gre-coaching-in-mumbai,GRE Coaching in Mumbai,"GRE coaching classes Mumbai, 325+ score target, GRE verbal quant Mumbai",Best GRE Coaching in Mumbai | Top GRE Classes — MBA Wizards,"Top GRE coaching in Mumbai for engineers and finance professionals. IIT alumni faculty, 325+ score roadmaps, and flexible batch timings.",Best GRE Coaching in Mumbai,Why Choose MBA Wizards | Ability-Based Model | Student Success | Verified Results,"EducationalOrganization, BreadcrumbList, FAQPage",Live & Schema Validated
Noida - Gre Coaching In Noida,https://www.mbawizards.co.in/gre-coaching-in-noida,GRE Coaching in Noida,"GRE coaching classes Noida, 325+ score target, GRE verbal quant Noida",Best GRE Coaching in Noida | Top GRE Classes — MBA Wizards,"Join top GRE coaching in Noida for MS and MBA aspirants. IIT alumni faculty, shorter GRE mock tests, and personalized study roadmaps.",Best GRE Coaching in Noida,Why Choose MBA Wizards | Ability-Based Model | Student Success | Verified Results,"EducationalOrganization, BreadcrumbList, FAQPage",Live & Schema Validated
Pune - Gre Coaching In Pune,https://www.mbawizards.co.in/gre-coaching-in-pune,GRE Coaching in Pune,"GRE coaching classes Pune, 325+ score target, GRE verbal quant Pune",Best GRE Coaching in Pune | Top GRE Classes — MBA Wizards,"Best GRE coaching in Pune for engineering students and young professionals. IIT faculty, adaptive test series, and guaranteed 320+ scores.",Best GRE Coaching in Pune,Why Choose MBA Wizards | Ability-Based Model | Student Success | Verified Results,"EducationalOrganization, BreadcrumbList, FAQPage",Live & Schema Validated
MBA Wizards Methodology,https://www.mbawizards.co.in/mba-wizards-methodology,Manthan Learning Methodology,"Ability-based model, Manthan pedagogy, adaptive test prep system, cognitive diagnostic assessment",MBA Wizards Methodology | Manthan Ability-Based Learning Model,Discover the MBA Wizards Manthan Methodology: an ability-based adaptive model built by IIT Roorkee alumni. 5-step scientific system for GMAT and CAT success.,MBA Wizards Methodology | Manthan Ability-Based Learning Model,The 5-Step Scientific Pedagogy | Cognitive Diagnostic Mapping | Personalized Practice Loops | Analytics Dashboard,"AboutPage, Organization, BreadcrumbList, FAQPage",Live & Schema Validated
College Consulting Packages,https://www.mbawizards.co.in/premium-university-consulting-packages,MBA Admissions Consulting,"MBA consulting packages, M7 MBA admissions, Harvard MBA consultant, ISB admission consulting, essay editing",Premium University Consulting Packages | Top Global B-Schools — MBA Wizards,"End-to-end admissions consulting for Harvard, Stanford, Wharton, INSEAD, LBS, and ISB. Essay brainstorming, resume polishing, SOP mastery, and mock interviews.",Premium University Consulting Packages | Top Global Business Schools,Holistic Profile Evaluation | School Selection Strategy | Essay & SOP Brainstorming | Mock Interview Clinics,"Service, Organization, BreadcrumbList, FAQPage",Live & Schema Validated
Privacy Policy,https://www.mbawizards.co.in/privacy-policy,Privacy Policy MBA Wizards,"MBA Wizards privacy terms, student data confidentiality, secure portal access",Privacy Policy — MBA Wizards,"Learn about how MBA Wizards collects, protects, and handles student personal and academic data across our coaching and consulting services.",Privacy Policy — MBA Wizards,Information We Collect | How We Use Your Data | Data Security & Retention | Your Privacy Rights,"WebPage, Organization, BreadcrumbList, FAQPage",Live & Schema Validated
Refund Policy,https://www.mbawizards.co.in/refund-policy,Refund Policy MBA Wizards,"MBA Wizards refund terms, course batch deferrals, enrollment policy",Refund Policy — MBA Wizards,Review MBA Wizards,Refund Policy — MBA Wizards,Enrollment Terms | No-Refund Guidelines | Batch Deferral & Validity Extensions | Student Support,"WebPage, Organization, BreadcrumbList, FAQPage",Live & Schema Validated
Research Paper Drafting & Publishing,https://www.mbawizards.co.in/research-paper-drafting-publishing-services,Research Paper Publishing Students,"publish research paper high school, research paper mentorship, student publication indexed journals, Ivy League profile",Research Paper Drafting & Publishing Services for Students — MBA Wizards,"Expert mentorship for high school & middle school students to draft, edit, and publish original research papers in indexed journals. Enhance your Ivy League profile.",Research Paper Drafting & Publishing Services for Students,1-on-1 Research Mentorship | Topic Ideation & Methodology | Peer-Reviewed Journal Submission | Profile Enhancement,"Service, Organization, BreadcrumbList, FAQPage",Live & Schema Validated
Blog: Tell Me About Yourself for MBA Interviews...,https://www.mbawizards.co.in/blogs/tell-me-about-yourself-for-mba-interviews,Tell Me About Yourself for MBA Interview,"tell me about yourself for mba interviews, MBA admissions, GMAT Focus prep, exam debrief",Tell Me About Yourself for MBA Interviews | MBA Wizards,"Tell Me About Yourself MBA Interview: 2026 Master Guide, Winning Samples & AI Practice | MBA Wizards 🧙‍♂️ MBAWizards AI Simulator B-School Guides Consultin",Tell Me About Yourself for MBA Interviews,Key Insights | Strategy Framework | Expert Advice | Next Steps,"BlogPosting, EducationalOrganization, BreadcrumbList",Live & Schema Validated
Blog: MBA Interview Questions and Answers...,https://www.mbawizards.co.in/blogs/mba-interview-questions-and-answers,MBA Interview Questions and Answers,"mba interview questions and answers, MBA admissions, GMAT Focus prep, exam debrief",MBA Interview Questions and Answers | MBA Wizards,"MBA Interview Questions and Answers: 2026 Master Guide, Sample Answers & AI Practice | MBA Wizards 2026-2027 Admissions 50+ Real Business School Transcript",MBA Interview Questions and Answers,Key Insights | Strategy Framework | Expert Advice | Next Steps,"BlogPosting, EducationalOrganization, BreadcrumbList",Live & Schema Validated
Blog: GMAT Score Predictor...,https://www.mbawizards.co.in/blogs/gmat-score-predictor,GMAT Score Predictor,"gmat score predictor, MBA admissions, GMAT Focus prep, exam debrief",GMAT Score Predictor | MBA Wizards,GMAT Score Predictor: Accurate GMAT Focus Score & Percentile Calculator (2026) | MBA Wizards ⚡ Free Tool Taking the GMAT Focus Edition? Gauge your accurate,GMAT Score Predictor,Key Insights | Strategy Framework | Expert Advice | Next Steps,"BlogPosting, EducationalOrganization, BreadcrumbList",Live & Schema Validated
Blog: CAT PI Preparation Guide...,https://www.mbawizards.co.in/blogs/cat-pi-preparation-guide,CAT PI Preparation Guide,"cat pi preparation guide, MBA admissions, GMAT Focus prep, exam debrief",CAT PI Preparation Guide | MBA Wizards,"CAT PI Preparation Guide: 30-Day Plan, Top Questions, Evaluation Rubrics & AI Mock Drills | MBA Wizards Free 2026 Toolkit 🚀 Master CAT PI rounds with our 3",CAT PI Preparation Guide,Key Insights | Strategy Framework | Expert Advice | Next Steps,"BlogPosting, EducationalOrganization, BreadcrumbList",Live & Schema Validated
Blog: IIM Ahmedabad Interview Questions...,https://www.mbawizards.co.in/blogs/iim-ahmedabad-interview-questions,IIM Ahmedabad Interview Questions,"iim ahmedabad interview questions, MBA admissions, GMAT Focus prep, exam debrief",IIM Ahmedabad Interview Questions | MBA Wizards,"IIM Ahmedabad Interview Questions: Pattern, Top 50 Questions, Sample Answers & Prep Guide | MBA Wizards 2026 Admissions IIMA PGP/FABM Shortlists Announced.",IIM Ahmedabad Interview Questions,Key Insights | Strategy Framework | Expert Advice | Next Steps,"BlogPosting, EducationalOrganization, BreadcrumbList",Live & Schema Validated
Blog: ISB Interview Questions...,https://www.mbawizards.co.in/blogs/isb-interview-questions,ISB Interview Questions,"isb interview questions, MBA admissions, GMAT Focus prep, exam debrief",ISB Interview Questions | MBA Wizards,"ISB Interview Questions: Process, Frequently Asked Questions, Sample Answers & Prep Guide | MBA Wizards 2026-2027 Admissions ISB PGP Round 1, 2 & 3 Intervi",ISB Interview Questions,Key Insights | Strategy Framework | Expert Advice | Next Steps,"BlogPosting, EducationalOrganization, BreadcrumbList",Live & Schema Validated
Blog: Harvard MBA Interview Questions...,https://www.mbawizards.co.in/blogs/harvard-mba-interview-questions,Harvard MBA Interview Questions,"harvard mba interview questions, MBA admissions, GMAT Focus prep, exam debrief",Harvard MBA Interview Questions | MBA Wizards,"Harvard MBA Interview Questions: Format, Top 25 Questions, Sample Answers & Prep Guide | MBA Wizards Free Resource Harvard MBA Interview Round 1 & 2 Prep P",Harvard MBA Interview Questions,Key Insights | Strategy Framework | Expert Advice | Next Steps,"BlogPosting, EducationalOrganization, BreadcrumbList",Live & Schema Validated
Blog: AI MBA Interview Simulator...,https://www.mbawizards.co.in/blogs/107882-2,AI MBA Interview Simulator,"107882 2, MBA admissions, GMAT Focus prep, exam debrief",AI MBA Interview Simulator | MBA Wizards,"AI MBA Interview Simulator: Master Your B-School Mock Interviews | MBA Wizards New Launch Simulate 2026-27 Intake Interviews for Harvard, Stanford & ISB! S",AI MBA Interview Simulator,Key Insights | Strategy Framework | Expert Advice | Next Steps,"BlogPosting, EducationalOrganization, BreadcrumbList",Live & Schema Validated
Blog: Adaptive GMAT Mock Test Vs Official GMAT Mock...,https://www.mbawizards.co.in/blogs/adaptive-gmat-mock-test-vs-official-gmat-mock,Adaptive GMAT Mock Test Vs Official GMAT,"adaptive gmat mock test vs official gmat mock, MBA admissions, GMAT Focus prep, exam debrief",Adaptive GMAT Mock Test Vs Official GMAT Mock | MBA Wizards,Adaptive GMAT Mock Test vs. Official GMAT Mock: Which Predicts Your 705+ Score? ⚡ GMAT Focus Strategy & Analytics Adaptive GMAT Mock Test vs. Official GMAT,Adaptive GMAT Mock Test Vs Official GMAT Mock,Key Insights | Strategy Framework | Expert Advice | Next Steps,"BlogPosting, EducationalOrganization, BreadcrumbList",Live & Schema Validated
Blog: Best GMAT Mock Tests in 2026...,https://www.mbawizards.co.in/blogs/best-gmat-mock-tests-in-2026,Best GMAT Mock Tests in 2026,"best gmat mock tests in 2026, MBA admissions, GMAT Focus prep, exam debrief",Best GMAT Mock Tests in 2026 | MBA Wizards,Scoring in the 99th percentile on the GMAT Focus Edition (705+ Score) is no longer just about mastering mathematical formulas or grammar rules. It is an en,Best GMAT Mock Tests in 2026,Key Insights | Strategy Framework | Expert Advice | Next Steps,"BlogPosting, EducationalOrganization, BreadcrumbList",Live & Schema Validated
Blog: Ashray Gupta GMAT Success Story | Scored 760...,https://www.mbawizards.co.in/blogs/ashray-gupta-gmat-success-story-760,Ashray Gupta GMAT Success Story | Scored,"ashray gupta gmat success story 760, MBA admissions, GMAT Focus prep, exam debrief",Ashray Gupta GMAT Success Story | Scored 760 | MBA Wizards,Discover the inspiring Ashray Gupta GMAT Success Story and learn how he improved from a 560 mock score to an outstanding GMAT 760 in just 20 days. Explore ,Ashray Gupta GMAT Success Story | Scored 760,Key Insights | Strategy Framework | Expert Advice | Next Steps,"BlogPosting, EducationalOrganization, BreadcrumbList",Live & Schema Validated
Blog: Anuj Chourey GMAT Success Story | Scored 770...,https://www.mbawizards.co.in/blogs/anuj-chourey-gmat-success-story-770,Anuj Chourey GMAT Success Story | Scored,"anuj chourey gmat success story 770, MBA admissions, GMAT Focus prep, exam debrief",Anuj Chourey GMAT Success Story | Scored 770 | MBA Wizards,Discover the inspiring Anuj Chourey GMAT Success Story and learn how he scored an outstanding GMAT 770 while working more than 60 hours a week. Explore his,Anuj Chourey GMAT Success Story | Scored 770,Key Insights | Strategy Framework | Expert Advice | Next Steps,"BlogPosting, EducationalOrganization, BreadcrumbList",Live & Schema Validated
Blog: Sushant Bhardwaj GMAT Success Story | Scored 735...,https://www.mbawizards.co.in/blogs/sushant-bhardwaj-gmat-success-story-735,Sushant Bhardwaj GMAT Success Story | Sc,"sushant bhardwaj gmat success story 735, MBA admissions, GMAT Focus prep, exam debrief",Sushant Bhardwaj GMAT Success Story | Scored 735 | MBA Wizards,"Discover how Sushant Bhardwaj achieved an impressive GMAT score of 735 with a structured study plan, regular mock tests, and expert guidance. Get practical",Sushant Bhardwaj GMAT Success Story | Scored 735,Key Insights | Strategy Framework | Expert Advice | Next Steps,"BlogPosting, EducationalOrganization, BreadcrumbList",Live & Schema Validated
Blog: GMAT Success Story: Siddhart Raj Kumar Scored 735...,https://www.mbawizards.co.in/blogs/gmat-success-story-siddhart-raj-kumar-735,GMAT Success Story,"gmat success story siddhart raj kumar 735, MBA admissions, GMAT Focus prep, exam debrief",GMAT Success Story: Siddhart Raj Kumar Scored 735 | MBA Wizards,GMAT Success Story: How Siddhart Raj Kumar Scored 735 MBA Wizards Table of Contents Student Profile Study Strategy Resources FAQs GMAT Success Story How Si,GMAT Success Story: Siddhart Raj Kumar Scored 735,Key Insights | Strategy Framework | Expert Advice | Next Steps,"BlogPosting, EducationalOrganization, BreadcrumbList",Live & Schema Validated
Blog: How to Crack IIFT Delhi PI (2026): Complete Interv...,https://www.mbawizards.co.in/blogs/iift-delhi-pi-preparation,How to Crack IIFT Delhi PI (2026),"iift delhi pi preparation, MBA admissions, GMAT Focus prep, exam debrief",How to Crack IIFT Delhi PI (2026): Complete Interview Prep Guide | MBA Wizards,"Crack IIFT Delhi Interview (2026): PI Questions, Tips & AI Mock Interview Guide Cracking the IIFT Delhi Interview (2026): Complete PI Preparation Guide wit",How to Crack IIFT Delhi PI (2026): Complete Interview Prep Guide,Key Insights | Strategy Framework | Expert Advice | Next Steps,"BlogPosting, EducationalOrganization, BreadcrumbList",Live & Schema Validated
"Blog: Crack FMS Delhi Interview (2026): PI Questions, Ti...",https://www.mbawizards.co.in/blogs/fms-delhi-interview-preparation,Crack FMS Delhi Interview (2026),"fms delhi interview preparation, MBA admissions, GMAT Focus prep, exam debrief","Crack FMS Delhi Interview (2026): PI Questions, Tips & AI Mock Interview Guide | MBA Wizards","Crack FMS Delhi Interview (2026): PI Questions, Tips & AI Mock Interview Guide Cracking the FMS Delhi Interview (2026): Complete PI Preparation Guide with ","Crack FMS Delhi Interview (2026): PI Questions, Tips & AI Mock Interview Guide",Key Insights | Strategy Framework | Expert Advice | Next Steps,"BlogPosting, EducationalOrganization, BreadcrumbList",Live & Schema Validated
Blog: How to Crack IIM Bangalore Interview: The Ultimate...,https://www.mbawizards.co.in/blogs/iim-bangalore-interview-preparation,How to Crack IIM Bangalore Interview,"iim bangalore interview preparation, MBA admissions, GMAT Focus prep, exam debrief",How to Crack IIM Bangalore Interview: The Ultimate PI Preparation Guide | MBA Wizards,Home CAT Preparation MBA Interview Guide IIM Bangalore Interview Preparation Guide Cracking the IIM Bangalore Interview (2026): Complete PI Preparation Gui,How to Crack IIM Bangalore Interview: The Ultimate PI Preparation Guide,Key Insights | Strategy Framework | Expert Advice | Next Steps,"BlogPosting, EducationalOrganization, BreadcrumbList",Live & Schema Validated
Blog: IIM How to Crack Ahmedabad Interview : The Ultimat...,https://www.mbawizards.co.in/blogs/iim-ahmedabad-interview-preparation,IIM How to Crack Ahmedabad Interview,"iim ahmedabad interview preparation, MBA admissions, GMAT Focus prep, exam debrief",IIM How to Crack Ahmedabad Interview : The Ultimate PI Preparation Guide | MBA Wizards,Home CAT Preparation MBA Interview Guide IIM Ahmedabad Interview Preparation Guide Cracking the IIM Ahmedabad Interview (2026): Complete PI Preparation Gui,IIM How to Crack Ahmedabad Interview : The Ultimate PI Preparation Guide,Key Insights | Strategy Framework | Expert Advice | Next Steps,"BlogPosting, EducationalOrganization, BreadcrumbList",Live & Schema Validated
Blog: IIM Lucknow Interview Preparation: Complete PI Gui...,https://www.mbawizards.co.in/blogs/iim-lucknow-interview-preparation,IIM Lucknow Interview Preparation,"iim lucknow interview preparation, MBA admissions, GMAT Focus prep, exam debrief",IIM Lucknow Interview Preparation: Complete PI Guide + AI Simulator (2026) | MBA Wizards,Home CAT Preparation MBA Interview Guide IIM Lucknow Interview Preparation Guide Cracking the IIM Lucknow Interview (2026): Complete PI Preparation Guide w,IIM Lucknow Interview Preparation: Complete PI Guide + AI Simulator (2026),Key Insights | Strategy Framework | Expert Advice | Next Steps,"BlogPosting, EducationalOrganization, BreadcrumbList",Live & Schema Validated
Blog: Ace Your IIM Calcutta Interview: Complete Guide...,https://www.mbawizards.co.in/blogs/iim-calcutta-preparation-with-ai-mock-interview,Ace Your IIM Calcutta Interview,"iim calcutta preparation with ai mock interview, MBA admissions, GMAT Focus prep, exam debrief",Ace Your IIM Calcutta Interview: Complete Guide | MBA Wizards,Best AI Powered MBA Interview Practice Platform: Inside MBA Wizards MBA WIZARDS Start Free PI Prep Expert Mentorship & AI Tech Master Your CAT PI Prep: Is ,Ace Your IIM Calcutta Interview: Complete Guide,Key Insights | Strategy Framework | Expert Advice | Next Steps,"BlogPosting, EducationalOrganization, BreadcrumbList",Live & Schema Validated
Blog: AI CAT Mock Interview...,https://www.mbawizards.co.in/blogs/ai-cat-mock-interview-simulator,AI CAT Mock Interview,"ai cat mock interview simulator, MBA admissions, GMAT Focus prep, exam debrief",AI CAT Mock Interview | MBA Wizards,MBA WIZARDS Start Mock Interview AI Agent Deep Dive Inside the MBA Wizards AI CAT Mock Interview Simulator A comprehensive feature breakdown of the elite A,AI CAT Mock Interview,Key Insights | Strategy Framework | Expert Advice | Next Steps,"BlogPosting, EducationalOrganization, BreadcrumbList",Live & Schema Validated
Blog: GMAT Superscore 2026: The Biggest Change in MBA Ad...,https://www.mbawizards.co.in/blogs/gmat-superscore-2026-2,GMAT Superscore 2026,"gmat superscore 2026 2, MBA admissions, GMAT Focus prep, exam debrief",GMAT Superscore 2026: The Biggest Change in MBA Admissions Is Finally Here | MBA Wizards,GMAC has introduced the GMAT Superscore from August 2026.,GMAT Superscore 2026: The Biggest Change in MBA Admissions Is Finally Here,Key Insights | Strategy Framework | Expert Advice | Next Steps,"BlogPosting, EducationalOrganization, BreadcrumbList",Live & Schema Validated
Blog: GMAT Superscore 2026 Explained: What It Means for ...,https://www.mbawizards.co.in/blogs/gmat-superscore-2026,GMAT Superscore 2026 Explained,"gmat superscore 2026, MBA admissions, GMAT Focus prep, exam debrief",GMAT Superscore 2026 Explained: What It Means for MBA Aspirants and Business Schools | MBA Wizards,GMAT Superscore 2026 Explained: What It Means for MBA Aspirants and Business Schools,GMAT Superscore 2026 Explained: What It Means for MBA Aspirants and Business Schools,Key Insights | Strategy Framework | Expert Advice | Next Steps,"BlogPosting, EducationalOrganization, BreadcrumbList",Live & Schema Validated
Blog: MBA Abroad Without Work Experience — Is It Possibl...,https://www.mbawizards.co.in/blogs/mba-abroad-without-work-experience,MBA Abroad Without Work Experience — Is ,"mba abroad without work experience, MBA admissions, GMAT Focus prep, exam debrief",MBA Abroad Without Work Experience — Is It Possible for Indian Students? | MBA Wizards,MBA Abroad Without Work Experience — Is It Possible for Indian Students?,MBA Abroad Without Work Experience — Is It Possible for Indian Students?,Key Insights | Strategy Framework | Expert Advice | Next Steps,"BlogPosting, EducationalOrganization, BreadcrumbList",Live & Schema Validated
Blog: GMAT vs CAT - Which is Better for MBA in 2026? Com...,https://www.mbawizards.co.in/blogs/gmat-vs-cat-which-is-better-for-mba-in-2026,GMAT vs CAT - Which is Better for MBA in,"gmat vs cat which is better for mba in 2026, MBA admissions, GMAT Focus prep, exam debrief",GMAT vs CAT - Which is Better for MBA in 2026? Complete Guide for Students | MBA Wizards,GMAT vs CAT: Which is Better for MBA in 2026? Complete Guide for Students,GMAT vs CAT - Which is Better for MBA in 2026? Complete Guide for Students,Key Insights | Strategy Framework | Expert Advice | Next Steps,"BlogPosting, EducationalOrganization, BreadcrumbList",Live & Schema Validated
Blog: GMAT Study Plan for Working Professionals (2 Hours...,https://www.mbawizards.co.in/blogs/gmat-study-plan-for-working-professional,GMAT Study Plan for Working Professional,"gmat study plan for working professional, MBA admissions, GMAT Focus prep, exam debrief",GMAT Study Plan for Working Professionals (2 Hours a Day Strategy) | MBA Wizards,GMAT Study Plan for Working Professionals (2 Hours a Day Strategy),GMAT Study Plan for Working Professionals (2 Hours a Day Strategy),Key Insights | Strategy Framework | Expert Advice | Next Steps,"BlogPosting, EducationalOrganization, BreadcrumbList",Live & Schema Validated
Blog: GMAT Syllabus Breakdown 2026 : What Actually Matte...,https://www.mbawizards.co.in/blogs/gmat-syllabus-breakdown-2026-and-score,GMAT Syllabus Breakdown 2026,"gmat syllabus breakdown 2026 and score, MBA admissions, GMAT Focus prep, exam debrief",GMAT Syllabus Breakdown 2026 : What Actually Matters (And What Doesn’t) | MBA Wizards,GMAT Syllabus Breakdown 2026 : What Actually Matters (And What Doesn’t),GMAT Syllabus Breakdown 2026 : What Actually Matters (And What Doesn’t),Key Insights | Strategy Framework | Expert Advice | Next Steps,"BlogPosting, EducationalOrganization, BreadcrumbList",Live & Schema Validated
Blog: How to Start GMAT Preparation from Scratch in 2026...,https://www.mbawizards.co.in/blogs/how-to-start-gmat-preparation-from-2026,How to Start GMAT Preparation from Scrat,"how to start gmat preparation from 2026, MBA admissions, GMAT Focus prep, exam debrief",How to Start GMAT Preparation from Scratch in 2026 | Complete Beginner Guide | MBA Wizards,How to Start GMAT Preparation from Scratch in 2026 | Complete Beginner Guide,How to Start GMAT Preparation from Scratch in 2026 | Complete Beginner Guide,Key Insights | Strategy Framework | Expert Advice | Next Steps,"BlogPosting, EducationalOrganization, BreadcrumbList",Live & Schema Validated
"Blog: Is GMAT Worth It in 2026 for Indian Students? ROI,...",https://www.mbawizards.co.in/blogs/is-gmat-worth-it-2026-for-indian-student,Is GMAT Worth It in 2026 for Indian Stud,"is gmat worth it 2026 for indian student, MBA admissions, GMAT Focus prep, exam debrief","Is GMAT Worth It in 2026 for Indian Students? ROI, Salary & MBA Guide | MBA Wizards","Is GMAT Worth It in 2026 for Indian Students? ROI, Salary & MBA Guide","Is GMAT Worth It in 2026 for Indian Students? ROI, Salary & MBA Guide",Key Insights | Strategy Framework | Expert Advice | Next Steps,"BlogPosting, EducationalOrganization, BreadcrumbList",Live & Schema Validated
Blog: IIM Admission 2026 India : Complete Guide  Admissi...,https://www.mbawizards.co.in/blogs/iim-admission-2026-guide-course-career-scope,IIM Admission 2026 India,"iim admission 2026 guide course career scope, MBA admissions, GMAT Focus prep, exam debrief","IIM Admission 2026 India : Complete Guide  Admission, Courses & Career Scope | MBA Wizards","Complete Guide to IIM Admission 2026 in India: Admission, Courses & Career Scope","IIM Admission 2026 India : Complete Guide  Admission, Courses & Career Scope",Key Insights | Strategy Framework | Expert Advice | Next Steps,"BlogPosting, EducationalOrganization, BreadcrumbList",Live & Schema Validated
Blog: CAT 2026 Preparation Guide: Everything You Need to...,https://www.mbawizards.co.in/blogs/cat-2026-preparation-guide-syllabus-strategy,CAT 2026 Preparation Guide,"cat 2026 preparation guide syllabus strategy, MBA admissions, GMAT Focus prep, exam debrief",CAT 2026 Preparation Guide: Everything You Need to Know | MBA Wizards,CAT 2026 Preparation Guide: Everything You Need to Know,CAT 2026 Preparation Guide: Everything You Need to Know,Key Insights | Strategy Framework | Expert Advice | Next Steps,"BlogPosting, EducationalOrganization, BreadcrumbList",Live & Schema Validated
"Blog: CAT Exam 2026: Complete Preparation Guide, Syllabu...",https://www.mbawizards.co.in/blogs/cat-exam-2026-preparation-guide,CAT Exam 2026,"cat exam 2026 preparation guide, MBA admissions, GMAT Focus prep, exam debrief","CAT Exam 2026: Complete Preparation Guide, Syllabus, Strategy & Study Plan | MBA Wizards",CAT EXAM 2026 COMPLETE PREPARATION GUIDE SYLLABUS AND STUDY PLAN,"CAT Exam 2026: Complete Preparation Guide, Syllabus, Strategy & Study Plan",Key Insights | Strategy Framework | Expert Advice | Next Steps,"BlogPosting, EducationalOrganization, BreadcrumbList",Live & Schema Validated
Blog: CAT Mock Test Strategy & Analysis Guide...,https://www.mbawizards.co.in/blogs/cat-mock-test-strategy-and-analysis-guide,CAT Mock Test Strategy & Analysis Guide,"cat mock test strategy and analysis guide, MBA admissions, GMAT Focus prep, exam debrief",CAT Mock Test Strategy & Analysis Guide | MBA Wizards,CAT MOCK TEST STRATEGY AND ANALYSIS GUIDE,CAT Mock Test Strategy & Analysis Guide,Key Insights | Strategy Framework | Expert Advice | Next Steps,"BlogPosting, EducationalOrganization, BreadcrumbList",Live & Schema Validated
Blog: CAT 2026 Profile Building for IIM Admission...,https://www.mbawizards.co.in/blogs/cat-2026-profile-building-for-iim-admissions,CAT 2026 Profile Building for IIM Admiss,"cat 2026 profile building for iim admissions, MBA admissions, GMAT Focus prep, exam debrief",CAT 2026 Profile Building for IIM Admission | MBA Wizards,CAT 2026 Profile Building for IIM Admission and complete Guide,CAT 2026 Profile Building for IIM Admission,Key Insights | Strategy Framework | Expert Advice | Next Steps,"BlogPosting, EducationalOrganization, BreadcrumbList",Live & Schema Validated
"Blog: CAT Exam Preparation ,Syllabus and Guide...",https://www.mbawizards.co.in/blogs/cat-exam-preparation-syllabus-and-guide,"CAT Exam Preparation ,Syllabus and Guide","cat exam preparation syllabus and guide, MBA admissions, GMAT Focus prep, exam debrief","CAT Exam Preparation ,Syllabus and Guide | MBA Wizards",CAT Exam preparation syllabus and guide,"CAT Exam Preparation ,Syllabus and Guide",Key Insights | Strategy Framework | Expert Advice | Next Steps,"BlogPosting, EducationalOrganization, BreadcrumbList",Live & Schema Validated
Blog: CAT 2026 SCORE BREAKDOWN STRATEGY (Complete Guide)...,https://www.mbawizards.co.in/blogs/cat-2026-score-breakdown-strategy,CAT 2026 SCORE BREAKDOWN STRATEGY (Compl,"cat 2026 score breakdown strategy, MBA admissions, GMAT Focus prep, exam debrief",CAT 2026 SCORE BREAKDOWN STRATEGY (Complete Guide) | MBA Wizards,CAT 2026 SCORE BREAKDOWN STRATEGY COMPLETE GUIDE,CAT 2026 SCORE BREAKDOWN STRATEGY (Complete Guide),Key Insights | Strategy Framework | Expert Advice | Next Steps,"BlogPosting, EducationalOrganization, BreadcrumbList",Live & Schema Validated
Blog: CAT Exam 2026 Pattern & Syllabus Complete Guide...,https://www.mbawizards.co.in/blogs/cat-exam-2026-pattern-syllabus-guide,CAT Exam 2026 Pattern & Syllabus Complet,"cat exam 2026 pattern syllabus guide, MBA admissions, GMAT Focus prep, exam debrief",CAT Exam 2026 Pattern & Syllabus Complete Guide | MBA Wizards,CAT EXAM 2026 PATTERN & SYLLABUS AND COMPLETE GUIDE,CAT Exam 2026 Pattern & Syllabus Complete Guide,Key Insights | Strategy Framework | Expert Advice | Next Steps,"BlogPosting, EducationalOrganization, BreadcrumbList",Live & Schema Validated
"Blog: WHAT IS CAT EXAM 2026 ? Complete Guide , Syllabus,...",https://www.mbawizards.co.in/blogs/what-is-cat-exam-2026-syllabus-pattern,"WHAT IS CAT EXAM 2026 ? Complete Guide ,","what is cat exam 2026 syllabus pattern, MBA admissions, GMAT Focus prep, exam debrief","WHAT IS CAT EXAM 2026 ? Complete Guide , Syllabus, Pattern, Eligibility | MBA Wizards",what is CAT EXAM 2026? ELIGIBILITY SYLLABUS EXAM PATTERN AND BEST PREPARATION TIPS MBA ADMISSION FULL GUIDE,"WHAT IS CAT EXAM 2026 ? Complete Guide , Syllabus, Pattern, Eligibility",Key Insights | Strategy Framework | Expert Advice | Next Steps,"BlogPosting, EducationalOrganization, BreadcrumbList",Live & Schema Validated
"Blog: GMAT Success Stories: Real Students, Real Score Im...",https://www.mbawizards.co.in/blogs/gmat-success-stories,GMAT Success Stories,"gmat success stories, MBA admissions, GMAT Focus prep, exam debrief","GMAT Success Stories: Real Students, Real Score Improvements | MBA Wizards","GMAT Success Stories: Real Students, Real Score Improvements What are GMAT success stories? GMAT success stories show how students improved their scores fr","GMAT Success Stories: Real Students, Real Score Improvements",Key Insights | Strategy Framework | Expert Advice | Next Steps,"BlogPosting, EducationalOrganization, BreadcrumbList",Live & Schema Validated
Blog: How Difficult is the CAT Exam 2026? A Realistic Br...,https://www.mbawizards.co.in/blogs/how-difficult-is-the-cat-exam-2026-a-realistic-breakdown-for-aspirants,How Difficult is the CAT Exam 2026? A Re,"how difficult is the cat exam 2026 a realistic breakdown for aspirants, MBA admissions, GMAT Focus prep, exam debrief",How Difficult is the CAT Exam 2026? A Realistic Breakdown for Aspirants | MBA Wizards,"If you’re even slightly considering an MBA in India, chances are you’ve already heard about the CAT exam. And along with that comes the big question everyo",How Difficult is the CAT Exam 2026? A Realistic Breakdown for Aspirants,Key Insights | Strategy Framework | Expert Advice | Next Steps,"BlogPosting, EducationalOrganization, BreadcrumbList",Live & Schema Validated
Blog: CAT Exam 2026 Strategy: How to Prepare Effectively...,https://www.mbawizards.co.in/blogs/cat-exam-2026-strategy-how-to-prepare-effectively-for-top-mba-institutes,CAT Exam 2026 Strategy,"cat exam 2026 strategy how to prepare effectively for top mba institutes, MBA admissions, GMAT Focus prep, exam debrief",CAT Exam 2026 Strategy: How to Prepare Effectively for Top MBA Institutes | MBA Wizards,The CAT Exam 2026 is one of the most competitive entrance examinations for students aspiring to pursue an MBA from top management institutes in India. Ever,CAT Exam 2026 Strategy: How to Prepare Effectively for Top MBA Institutes,Key Insights | Strategy Framework | Expert Advice | Next Steps,"BlogPosting, EducationalOrganization, BreadcrumbList",Live & Schema Validated
Blog: GRE Exam 2026 Guide: Why the GRE is Becoming the M...,https://www.mbawizards.co.in/blogs/gre-exam-2026-guide-why-the-gre-is-becoming-the-most-popular-test-for-global-graduate-mba-admissions,GRE Exam 2026 Guide,"gre exam 2026 guide why the gre is becoming the most popular test for global graduate mba admissions, MBA admissions, GMAT Focus prep, exam debrief",GRE Exam 2026 Guide: Why the GRE is Becoming the Most Popular Test for Global Graduate & MBA Admissions | MBA Wizards,"The GRE (Graduate Record Examination) has become one of the most widely accepted standardized tests for students planning to study abroad. In recent years,",GRE Exam 2026 Guide: Why the GRE is Becoming the Most Popular Test for Global Graduate & MBA Admissions,Key Insights | Strategy Framework | Expert Advice | Next Steps,"BlogPosting, EducationalOrganization, BreadcrumbList",Live & Schema Validated
Blog: GMAT Focus Edition: The New Strategy Every MBA Asp...,https://www.mbawizards.co.in/blogs/gmat-focus-edition-the-new-strategy-every-mba-aspirant-must-know-in-2026,GMAT Focus Edition,"gmat focus edition the new strategy every mba aspirant must know in 2026, MBA admissions, GMAT Focus prep, exam debrief",GMAT Focus Edition: The New Strategy Every MBA Aspirant Must Know in 2026 | MBA Wizards,"The MBA admissions landscape is evolving rapidly, and one of the biggest changes in recent years is the introduction of the GMAT Focus Edition by the Gradu",GMAT Focus Edition: The New Strategy Every MBA Aspirant Must Know in 2026,Key Insights | Strategy Framework | Expert Advice | Next Steps,"BlogPosting, EducationalOrganization, BreadcrumbList",Live & Schema Validated
Blog: Build Outstanding MBA Profile with Limited Work Ex...,https://www.mbawizards.co.in/blogs/build-outstanding-mba-profile-with-limited-work-experience,Build Outstanding MBA Profile with Limit,"build outstanding mba profile with limited work experience, MBA admissions, GMAT Focus prep, exam debrief",Build Outstanding MBA Profile with Limited Work Experience | MBA Wizards,Discover proven strategies to build a compelling MBA profile with minimal work experience. Expert tips for fresh graduates and early-career professionals.,Build Outstanding MBA Profile with Limited Work Experience,Key Insights | Strategy Framework | Expert Advice | Next Steps,"BlogPosting, EducationalOrganization, BreadcrumbList",Live & Schema Validated
Blog: Complete MBA Recommendation Letters Guide: Who to ...,https://www.mbawizards.co.in/blogs/complete-mba-recommendation-letters-guide,Complete MBA Recommendation Letters Guide,"complete mba recommendation letters guide, MBA admissions, GMAT Focus prep, exam debrief",Complete MBA Recommendation Letters Guide: Who to Ask & How | MBA Wizards,"Master MBA recommendation letters with our complete guide. Learn who to ask, how to request, and what makes recommendations stand out to admissions committ",Complete MBA Recommendation Letters Guide: Who to Ask & How,Key Insights | Strategy Framework | Expert Advice | Next Steps,"BlogPosting, EducationalOrganization, BreadcrumbList",Live & Schema Validated
Blog: MBA Application Red Flags: Common Mistakes That Ki...,https://www.mbawizards.co.in/blogs/mba-application-red-flags,MBA Application Red Flags,"mba application red flags, MBA admissions, GMAT Focus prep, exam debrief",MBA Application Red Flags: Common Mistakes That Kill Your Chances | MBA Wizards,Avoid these deadly MBA application mistakes that get candidates rejected. Learn what admissions committees consider red flags and how to prevent them.,MBA Application Red Flags: Common Mistakes That Kill Your Chances,Key Insights | Strategy Framework | Expert Advice | Next Steps,"BlogPosting, EducationalOrganization, BreadcrumbList",Live & Schema Validated
Blog: The 80/20 Rule for MBA Test Prep: Focus on High-Im...,https://www.mbawizards.co.in/blogs/the-80-20-rule-for-mba-test-prep,The 80/20 Rule for MBA Test Prep,"the 80 20 rule for mba test prep, MBA admissions, GMAT Focus prep, exam debrief",The 80/20 Rule for MBA Test Prep: Focus on High-Impact Areas | MBA Wizards,"Master the 80/20 rule for MBA test prep. Discover high-impact areas that deliver maximum score improvement with strategic, efficient preparation methods.",The 80/20 Rule for MBA Test Prep: Focus on High-Impact Areas,Key Insights | Strategy Framework | Expert Advice | Next Steps,"BlogPosting, EducationalOrganization, BreadcrumbList",Live & Schema Validated
Blog: Engineering to Management: Build Compelling MBA Ca...,https://www.mbawizards.co.in/blogs/engineering-to-management-build-compelling-mba-career-switch-story,Engineering to Management,"engineering to management build compelling mba career switch story, MBA admissions, GMAT Focus prep, exam debrief",Engineering to Management: Build Compelling MBA Career Switch Story | MBA Wizards,Master the art of crafting compelling MBA stories for career switchers. Learn how engineers can showcase management potential and business acumen effective,Engineering to Management: Build Compelling MBA Career Switch Story,Key Insights | Strategy Framework | Expert Advice | Next Steps,"BlogPosting, EducationalOrganization, BreadcrumbList",Live & Schema Validated
Blog: Leverage Job Experience for MBA Applications: Comp...,https://www.mbawizards.co.in/blogs/leverage-job-experience-for-mba-applications,Leverage Job Experience for MBA Applications,"leverage job experience for mba applications, MBA admissions, GMAT Focus prep, exam debrief",Leverage Job Experience for MBA Applications: Complete Guide | MBA Wizards,"Transform your work experience into compelling MBA application stories. Learn to quantify achievements, demonstrate leadership, and connect career progress",Leverage Job Experience for MBA Applications: Complete Guide,Key Insights | Strategy Framework | Expert Advice | Next Steps,"BlogPosting, EducationalOrganization, BreadcrumbList",Live & Schema Validated
Blog: GMAT+GRE Dual Preparation: Maximize MBA Applicatio...,https://www.mbawizards.co.in/blogs/gmatgre-dual-preparation-maximize-mba-application-options,GMAT+GRE Dual Preparation,"gmatgre dual preparation maximize mba application options, MBA admissions, GMAT Focus prep, exam debrief",GMAT+GRE Dual Preparation: Maximize MBA Application Options | MBA Wizards,"Are you an MBA aspirant like Rohan from Delhi or Priya from Mumbai, torn between taking the GMAT or GRE for your business school applications? What if you ",GMAT+GRE Dual Preparation: Maximize MBA Application Options,Key Insights | Strategy Framework | Expert Advice | Next Steps,"BlogPosting, EducationalOrganization, BreadcrumbList",Live & Schema Validated
Blog: Mental Math Mastery: 15 Techniques Every MBA Aspir...,https://www.mbawizards.co.in/blogs/mental-math-mastery-15-techniques-every-mba-aspirant-should-know,Mental Math Mastery,"mental math mastery 15 techniques every mba aspirant should know, MBA admissions, GMAT Focus prep, exam debrief",Mental Math Mastery: 15 Techniques Every MBA Aspirant Should Know | MBA Wizards,"Are you an MBA aspirant like Rohan from Delhi or Priya from Bangalore, struggling to complete quantitative sections within time limits? Do you find yoursel",Mental Math Mastery: 15 Techniques Every MBA Aspirant Should Know,Key Insights | Strategy Framework | Expert Advice | Next Steps,"BlogPosting, EducationalOrganization, BreadcrumbList",Live & Schema Validated
Blog: GMAT Retaker's Guide: Bounce Back Stronger After L...,https://www.mbawizards.co.in/blogs/gmat-retakers-guide-bounce-back-stronger-after-low-score,GMAT Retaker's Guide,"gmat retakers guide bounce back stronger after low score, MBA admissions, GMAT Focus prep, exam debrief",GMAT Retaker's Guide: Bounce Back Stronger After Low Score | MBA Wizards,"Did your GMAT score leave you feeling like Rohan from Delhi, staring at a 580 when you needed a 700+? Or perhaps like Priya from Mumbai, watching your MBA ",GMAT Retaker's Guide: Bounce Back Stronger After Low Score,Key Insights | Strategy Framework | Expert Advice | Next Steps,"BlogPosting, EducationalOrganization, BreadcrumbList",Live & Schema Validated
Blog: Engineer's Guide to GRE Success: Leverage Technica...,https://www.mbawizards.co.in/blogs/engineers-guide-to-gre-success,Engineer's Guide to GRE Success,"engineers guide to gre success, MBA admissions, GMAT Focus prep, exam debrief",Engineer's Guide to GRE Success: Leverage Technical Skills | MBA Wizards,"Are you an engineer like Rohan from Bangalore or Priya from Hyderabad, wondering how your technical background can actually help you excel on the GRE? Whil",Engineer's Guide to GRE Success: Leverage Technical Skills,Key Insights | Strategy Framework | Expert Advice | Next Steps,"BlogPosting, EducationalOrganization, BreadcrumbList",Live & Schema Validated
Blog: MBA ROI Calculator: Is Your Dream School Worth Inv...,https://www.mbawizards.co.in/blogs/mba-roi-calculator,MBA ROI Calculator,"mba roi calculator, MBA admissions, GMAT Focus prep, exam debrief",MBA ROI Calculator: Is Your Dream School Worth Investment? | MBA Wizards,"Are you like Rohan from Delhi, staring at a ₹50 lakh price tag for your dream MBA program and wondering if it's worth mortgaging your future? Or perhaps li",MBA ROI Calculator: Is Your Dream School Worth Investment?,Key Insights | Strategy Framework | Expert Advice | Next Steps,"BlogPosting, EducationalOrganization, BreadcrumbList",Live & Schema Validated
Blog: 25 Reasons Why You Should Get An MBA - Complete Gu...,https://www.mbawizards.co.in/blogs/25-reasons-why-you-should-get-an-mba,25 Reasons Why You Should Get An MBA - C,"25 reasons why you should get an mba, MBA admissions, GMAT Focus prep, exam debrief",25 Reasons Why You Should Get An MBA - Complete Guide 2025 | MBA Wizards,"Are you standing at a career crossroads, wondering should I get an MBA? You're not alone. Thousands of professionals ask themselves this question every yea",25 Reasons Why You Should Get An MBA - Complete Guide 2025,Key Insights | Strategy Framework | Expert Advice | Next Steps,"BlogPosting, EducationalOrganization, BreadcrumbList",Live & Schema Validated
Blog: GMAT vs. GRE: Which Test Should You Take for Your ...,https://www.mbawizards.co.in/blogs/gmat-vs-gre-which-test-for-mba,GMAT vs. GRE,"gmat vs gre which test for mba, MBA admissions, GMAT Focus prep, exam debrief",GMAT vs. GRE: Which Test Should You Take for Your MBA? | MBA Wizards,"You're ready to pursue your MBA dream, but there's one big question keeping you up at night: Which test should I take GMAT or GRE? This decision can feel o",GMAT vs. GRE: Which Test Should You Take for Your MBA?,Key Insights | Strategy Framework | Expert Advice | Next Steps,"BlogPosting, EducationalOrganization, BreadcrumbList",Live & Schema Validated
Blog: How Mohsin Khurshid Beat the Odds: Scoring 725 on ...,https://www.mbawizards.co.in/blogs/how-mohsin-khurshid-beat-the-odds-scoring-725-on-the-gmat,How Mohsin Khurshid Beat the Odds,"how mohsin khurshid beat the odds scoring 725 on the gmat, MBA admissions, GMAT Focus prep, exam debrief",How Mohsin Khurshid Beat the Odds: Scoring 725 on the GMAT with Limited Time | MBA Wizards,"Mohsin’s 725: A Real Win for Busy Indian Aspirants Balancing a demanding job, family commitments, and the dream of an MBA isn’t easy. Mohsin Khurshid lived",How Mohsin Khurshid Beat the Odds: Scoring 725 on the GMAT with Limited Time,Key Insights | Strategy Framework | Expert Advice | Next Steps,"BlogPosting, EducationalOrganization, BreadcrumbList",Live & Schema Validated
Blog: Chintan Thakur’s GMAT 725: Customizing Prep for a ...,https://www.mbawizards.co.in/blogs/chintan-thakurs-gmat-725-customizing-prep,Chintan Thakur’s GMAT 725,"chintan thakurs gmat 725 customizing prep, MBA admissions, GMAT Focus prep, exam debrief",Chintan Thakur’s GMAT 725: Customizing Prep for a Competitive Edge | MBA Wizards,"Why Customization Matters for Your GMAT Journey Most Indian MBA aspirants know the drill: you sign up for a course, get handed a prep plan, and try to keep",Chintan Thakur’s GMAT 725: Customizing Prep for a Competitive Edge,Key Insights | Strategy Framework | Expert Advice | Next Steps,"BlogPosting, EducationalOrganization, BreadcrumbList",Live & Schema Validated
Blog: The Consistency Formula: Himanshu Rautela’s Path t...,https://www.mbawizards.co.in/blogs/the-consistency-formula-himanshu-rautelas-path-to-a-725-gmat-score,The Consistency Formula,"the consistency formula himanshu rautelas path to a 725 gmat score, MBA admissions, GMAT Focus prep, exam debrief",The Consistency Formula: Himanshu Rautela’s Path to a 725 GMAT Score | MBA Wizards,"Who is Himanshu Rautela? Himanshu is a lot like you. He’s an early-career professional from an Indian city, juggling work and GMAT prep. He didn’t start as",The Consistency Formula: Himanshu Rautela’s Path to a 725 GMAT Score,Key Insights | Strategy Framework | Expert Advice | Next Steps,"BlogPosting, EducationalOrganization, BreadcrumbList",Live & Schema Validated
Blog: Breaking the 700 Barrier: Ashish Kulkarni’s GMAT 7...,https://www.mbawizards.co.in/blogs/breaking-the-700-barrier-ashish-kulkarnis-gmat-715,Breaking the 700 Barrier,"breaking the 700 barrier ashish kulkarnis gmat 715, MBA admissions, GMAT Focus prep, exam debrief",Breaking the 700 Barrier: Ashish Kulkarni’s GMAT 715 Preparation Timeline | MBA Wizards,"Why Breaking 700 Feels So Tough If you’re aiming for a top Indian or global MBA program, you know a 700+ GMAT score isn’t just a number. It’s a real barrie",Breaking the 700 Barrier: Ashish Kulkarni’s GMAT 715 Preparation Timeline,Key Insights | Strategy Framework | Expert Advice | Next Steps,"BlogPosting, EducationalOrganization, BreadcrumbList",Live & Schema Validated
Blog: How Kartik Shreenath Turned Setbacks into a 695 GM...,https://www.mbawizards.co.in/blogs/kartik-shreenath-turned-setbacks-into-a-695-gmat,How Kartik Shreenath Turned Setbacks int,"kartik shreenath turned setbacks into a 695 gmat, MBA admissions, GMAT Focus prep, exam debrief",How Kartik Shreenath Turned Setbacks into a 695 GMAT Score | MBA Wizards,Not every journey to an MBA is about hitting a 700+ GMAT score on the first try. Kartik Shreenath scored 695. He didn’t see it as a failure. He saw it as a,How Kartik Shreenath Turned Setbacks into a 695 GMAT Score,Key Insights | Strategy Framework | Expert Advice | Next Steps,"BlogPosting, EducationalOrganization, BreadcrumbList",Live & Schema Validated
Blog: Agni Jain’s GMAT 735: Winning Strategies for the F...,https://www.mbawizards.co.in/blogs/agni-jains-gmat-735-winning-strategies,Agni Jain’s GMAT 735,"agni jains gmat 735 winning strategies, MBA admissions, GMAT Focus prep, exam debrief",Agni Jain’s GMAT 735: Winning Strategies for the Final Stretch | MBA Wizards,Feeling the Pressure in the Final Weeks? You’re not alone. Most Indian MBA aspirants hit a wall in the last stretch before the GMAT. The pressure builds. W,Agni Jain’s GMAT 735: Winning Strategies for the Final Stretch,Key Insights | Strategy Framework | Expert Advice | Next Steps,"BlogPosting, EducationalOrganization, BreadcrumbList",Live & Schema Validated
Blog: From Average to Elite: Sushant Mishra’s Leap to a ...,https://www.mbawizards.co.in/blogs/sushant-mishras-leap-to-a-745-gmat-score,From Average to Elite,"sushant mishras leap to a 745 gmat score, MBA admissions, GMAT Focus prep, exam debrief",From Average to Elite: Sushant Mishra’s Leap to a 745 GMAT Score | MBA Wizards,Are you struggling with GMAT prep and wondering if a 700+ score is out of reach? Sushant Mishra once felt the same way. Here’s how he flipped the script an,From Average to Elite: Sushant Mishra’s Leap to a 745 GMAT Score,Key Insights | Strategy Framework | Expert Advice | Next Steps,"BlogPosting, EducationalOrganization, BreadcrumbList",Live & Schema Validated
Blog: Sanchit Ravi N Kumar’s 745 GMAT Playbook: Masterin...,https://www.mbawizards.co.in/blogs/sanchit-ravi-n-kumars-745-gmat-playbook,Sanchit Ravi N Kumar’s 745 GMAT Playbook,"sanchit ravi n kumars 745 gmat playbook, MBA admissions, GMAT Focus prep, exam debrief",Sanchit Ravi N Kumar’s 745 GMAT Playbook: Mastering Quants and Verbal | MBA Wizards,"Meet Sanchit: From Uncertainty to a 745 GMAT Score If you’re aiming for a top MBA, you know the GMAT can feel overwhelming. Sanchit Ravi N Kumar felt the s",Sanchit Ravi N Kumar’s 745 GMAT Playbook: Mastering Quants and Verbal,Key Insights | Strategy Framework | Expert Advice | Next Steps,"BlogPosting, EducationalOrganization, BreadcrumbList",Live & Schema Validated
Blog: Why the Ability-Based Model Is the Future of MBA C...,https://www.mbawizards.co.in/blogs/why-the-ability-based-model-is-the-future-of-mba-coaching,Why the Ability-Based Model Is the Futur,"why the ability based model is the future of mba coaching, MBA admissions, GMAT Focus prep, exam debrief",Why the Ability-Based Model Is the Future of MBA Coaching | MBA Wizards,"The MBA coaching landscape is evolving rapidly, driven by the increasing demand for personalized learning experiences. Traditional one-size-fits-all coachi",Why the Ability-Based Model Is the Future of MBA Coaching,Key Insights | Strategy Framework | Expert Advice | Next Steps,"BlogPosting, EducationalOrganization, BreadcrumbList",Live & Schema Validated
Blog: 5 Mistakes Students Make When Choosing an MBA Prog...,https://www.mbawizards.co.in/blogs/5-mistakes-students-make-when-choosing-an-mba-program,5 Mistakes Students Make When Choosing a,"5 mistakes students make when choosing an mba program, MBA admissions, GMAT Focus prep, exam debrief",5 Mistakes Students Make When Choosing an MBA Program | MBA Wizards,Choosing the right MBA program is one of the most critical decisions in your academic and professional journey. With hundreds of programs available globall,5 Mistakes Students Make When Choosing an MBA Program,Key Insights | Strategy Framework | Expert Advice | Next Steps,"BlogPosting, EducationalOrganization, BreadcrumbList",Live & Schema Validated
Blog: How to Choose the Right MBA Program for Your Caree...,https://www.mbawizards.co.in/blogs/how-to-choose-the-right-mba-program-for-your-career-goals,How to Choose the Right MBA Program for ,"how to choose the right mba program for your career goals, MBA admissions, GMAT Focus prep, exam debrief",How to Choose the Right MBA Program for Your Career Goals | MBA Wizards,Choosing the right MBA program is one of the most important decisions you’ll make in your professional journey. With hundreds of programs available globall,How to Choose the Right MBA Program for Your Career Goals,Key Insights | Strategy Framework | Expert Advice | Next Steps,"BlogPosting, EducationalOrganization, BreadcrumbList",Live & Schema Validated
Blog: What is the Syllabus for GMAT?...,https://www.mbawizards.co.in/blogs/what-is-the-syllabus-for-gmat,What is the Syllabus for GMAT?,"what is the syllabus for gmat, MBA admissions, GMAT Focus prep, exam debrief",What is the Syllabus for GMAT? | MBA Wizards,"The Graduate Management Admission Test, or GMAT, is an important aspect of the application process for business schools. The GMAT is a computer-based, comp",What is the Syllabus for GMAT?,Key Insights | Strategy Framework | Expert Advice | Next Steps,"BlogPosting, EducationalOrganization, BreadcrumbList",Live & Schema Validated
Blog: Which exam is tougher: GMAT or GRE?...,https://www.mbawizards.co.in/blogs/which-exam-is-tougher-gmat-or-gre,Which exam is tougher,"which exam is tougher gmat or gre, MBA admissions, GMAT Focus prep, exam debrief",Which exam is tougher: GMAT or GRE? | MBA Wizards,"""Should I take the GRE or the GMAT?"" is a question that every applicant must consider. This GMAT versus GRE question is a good one to answer because it inf",Which exam is tougher: GMAT or GRE?,Key Insights | Strategy Framework | Expert Advice | Next Steps,"BlogPosting, EducationalOrganization, BreadcrumbList",Live & Schema Validated
Blog: Best GMAT and CAT Coaching Center in Bangalore: St...,https://www.mbawizards.co.in/blogs/best-gmat-and-cat-coaching-center-in-bangalore-get-started-in-the-right-way,Best GMAT and CAT Coaching Center in Bangalore,"best gmat and cat coaching center in bangalore get started in the right way, MBA admissions, GMAT Focus prep, exam debrief",Best GMAT and CAT Coaching Center in Bangalore: Start Your Journey Today | MBA Wizards,"For students who aspire to complete management courses from prestigious business schools, CAT and GMAT are the exams to watch out for. While there are a fe",Best GMAT and CAT Coaching Center in Bangalore: Start Your Journey Today,Key Insights | Strategy Framework | Expert Advice | Next Steps,"BlogPosting, EducationalOrganization, BreadcrumbList",Live & Schema Validated
Blog: How to Secure a Full Scholarship for Your MBA Prog...,https://www.mbawizards.co.in/blogs/how-to-secure-a-full-scholarship-for-your-mba-program,How to Secure a Full Scholarship for You,"how to secure a full scholarship for your mba program, MBA admissions, GMAT Focus prep, exam debrief",How to Secure a Full Scholarship for Your MBA Program | MBA Wizards,"Pursuing an MBA is a transformative journey that can open doors to unparalleled career opportunities. However, the cost of an MBA program, especially at to",How to Secure a Full Scholarship for Your MBA Program,Key Insights | Strategy Framework | Expert Advice | Next Steps,"BlogPosting, EducationalOrganization, BreadcrumbList",Live & Schema Validated
Blog: How to Create a GMAT Study Plan While Working Full...,https://www.mbawizards.co.in/blogs/how-to-create-a-gmat-study-plan-while-working-full-time,How to Create a GMAT Study Plan While Wo,"how to create a gmat study plan while working full time, MBA admissions, GMAT Focus prep, exam debrief",How to Create a GMAT Study Plan While Working Full-Time | MBA Wizards,"Learn how to balance GMAT preparation with a full-time job. Discover expert tips, time management strategies, and a step-by-step GMAT study plan for workin",How to Create a GMAT Study Plan While Working Full-Time,Key Insights | Strategy Framework | Expert Advice | Next Steps,"BlogPosting, EducationalOrganization, BreadcrumbList",Live & Schema Validated
Blog: How to Write a Winning MBA Application Essay in 5 ...,https://www.mbawizards.co.in/blogs/how-to-write-a-winning-mba-application-essay-in-5-steps,How to Write a Winning MBA Application E,"how to write a winning mba application essay in 5 steps, MBA admissions, GMAT Focus prep, exam debrief",How to Write a Winning MBA Application Essay in 5 Steps | MBA Wizards,"Your MBA application essay is your golden opportunity to stand out in a sea of applicants. While your GMAT score, academic achievements, and professional e",How to Write a Winning MBA Application Essay in 5 Steps,Key Insights | Strategy Framework | Expert Advice | Next Steps,"BlogPosting, EducationalOrganization, BreadcrumbList",Live & Schema Validated
Blog: 5 Mistakes to Avoid While Preparing for CAT in the...,https://www.mbawizards.co.in/blogs/5-mistakes-to-avoid-while-preparing-for-cat-in-the-last-month,5 Mistakes to Avoid While Preparing for ,"5 mistakes to avoid while preparing for cat in the last month, MBA admissions, GMAT Focus prep, exam debrief",5 Mistakes to Avoid While Preparing for CAT in the Last Month | MBA Wizards,"The final month before the CAT exam is a critical period that can make or break your preparation. With the clock ticking, many aspirants fall into common t",5 Mistakes to Avoid While Preparing for CAT in the Last Month,Key Insights | Strategy Framework | Expert Advice | Next Steps,"BlogPosting, EducationalOrganization, BreadcrumbList",Live & Schema Validated
Blog: How to Crack CAT with a 99+ Percentile: A Step-by-...,https://www.mbawizards.co.in/blogs/how-to-crack-cat-with-a-99-percentile-a-step-by-step-guide,How to Crack CAT with a 99+ Percentile,"how to crack cat with a 99 percentile a step by step guide, MBA admissions, GMAT Focus prep, exam debrief",How to Crack CAT with a 99+ Percentile: A Step-by-Step Guide | MBA Wizards,"The Common Admission Test (CAT) is one of the most competitive MBA entrance exams in India, serving as the gateway to prestigious institutions like the Ind",How to Crack CAT with a 99+ Percentile: A Step-by-Step Guide,Key Insights | Strategy Framework | Expert Advice | Next Steps,"BlogPosting, EducationalOrganization, BreadcrumbList",Live & Schema Validated
Blog: Michigan Ross Full-Time MBA Application for Class ...,https://www.mbawizards.co.in/blogs/get-ready-to-apply-the-michigan-ross-full-time-mba-application-to-join-the-class-of-2027-is-officially-open,Michigan Ross Full-Time MBA Application ,"get ready to apply the michigan ross full time mba application to join the class of 2027 is officially open, MBA admissions, GMAT Focus prep, exam debrief",Michigan Ross Full-Time MBA Application for Class of 2027 | MBA Wizards,The Michigan Ross Full-Time MBA application to join the Class of 2027 is officially open. Gain insight into scholarships and application requirements to he,Michigan Ross Full-Time MBA Application for Class of 2027,Key Insights | Strategy Framework | Expert Advice | Next Steps,"BlogPosting, EducationalOrganization, BreadcrumbList",Live & Schema Validated
Blog: GMAT Focus Edition - Unplugged...,https://www.mbawizards.co.in/blogs/focus,GMAT Focus Edition - Unplugged,"focus, MBA admissions, GMAT Focus prep, exam debrief",GMAT Focus Edition - Unplugged | MBA Wizards,"Do you wish to cross over to Harvard, Stanford or Wharton so you can take the next step in your professional career? Luckily, you are not alone in preparin",GMAT Focus Edition - Unplugged,Key Insights | Strategy Framework | Expert Advice | Next Steps,"BlogPosting, EducationalOrganization, BreadcrumbList",Live & Schema Validated
Blog: The Biggest Mistakes Students Make in GRE Verbal P...,https://www.mbawizards.co.in/blogs/the-biggest-mistakes-students-make-in-gre-verbal-prep,The Biggest Mistakes Students Make in GR,"the biggest mistakes students make in gre verbal prep, MBA admissions, GMAT Focus prep, exam debrief",The Biggest Mistakes Students Make in GRE Verbal Prep | MBA Wizards,"The GRE Verbal section is often underestimated by test-takers, who assume that their general reading and vocabulary skills will suffice. However, many stud",The Biggest Mistakes Students Make in GRE Verbal Prep,Key Insights | Strategy Framework | Expert Advice | Next Steps,"BlogPosting, EducationalOrganization, BreadcrumbList",Live & Schema Validated
Blog: 5 Reasons Why You Should Start GMAT Prep 6 Months ...,https://www.mbawizards.co.in/blogs/5-reasons-why-you-should-start-gmat-prep-6-months-in-advance,5 Reasons Why You Should Start GMAT Prep,"5 reasons why you should start gmat prep 6 months in advance, MBA admissions, GMAT Focus prep, exam debrief",5 Reasons Why You Should Start GMAT Prep 6 Months in Advance | MBA Wizards,"Preparing for the GMAT is no small feat. It’s a rigorous test that evaluates your analytical, verbal, and quantitative skills, all while testing your abili",5 Reasons Why You Should Start GMAT Prep 6 Months in Advance,Key Insights | Strategy Framework | Expert Advice | Next Steps,"BlogPosting, EducationalOrganization, BreadcrumbList",Live & Schema Validated
Blog: 7 Proven Strategies to Score 700+ on the GMAT in F...,https://www.mbawizards.co.in/blogs/7-proven-strategies-to-score-700-on-the-gmat-in-first-attempt,7 Proven Strategies to Score 700+ on the,"7 proven strategies to score 700 on the gmat in first attempt, MBA admissions, GMAT Focus prep, exam debrief",7 Proven Strategies to Score 700+ on the GMAT in First Attempt | MBA Wizards,The Graduate Management Admission Test (GMAT) is a critical component for aspiring MBA candidates. Aiming for a GMAT score of 700 or higher can significant,7 Proven Strategies to Score 700+ on the GMAT in First Attempt,Key Insights | Strategy Framework | Expert Advice | Next Steps,"BlogPosting, EducationalOrganization, BreadcrumbList",Live & Schema Validated
Blog: GMAT Coaching Centers : How to Choose the Best One...,https://www.mbawizards.co.in/blogs/gmat-coaching-centers-how-to-choose-the-best-one,GMAT Coaching Centers,"gmat coaching centers how to choose the best one, MBA admissions, GMAT Focus prep, exam debrief",GMAT Coaching Centers : How to Choose the Best One? | MBA Wizards,GMAT exams are the focus of all students who have their ears on management programs. It is a popular computer-adaptive exam and it aims to analyze the writ,GMAT Coaching Centers : How to Choose the Best One?,Key Insights | Strategy Framework | Expert Advice | Next Steps,"BlogPosting, EducationalOrganization, BreadcrumbList",Live & Schema Validated
Blog: GMAT Focus Edition Study Planner...,https://www.mbawizards.co.in/blogs/gmat-focus-edition-study-planner,GMAT Focus Edition Study Planner,"gmat focus edition study planner, MBA admissions, GMAT Focus prep, exam debrief",GMAT Focus Edition Study Planner | MBA Wizards,Download PDF Book Your Consultation Today! Popular Services GMAT Coaching CAT Coaching GMAT + CAT Coaching Our Toppers View this post on Instagram A post s,GMAT Focus Edition Study Planner,Key Insights | Strategy Framework | Expert Advice | Next Steps,"BlogPosting, EducationalOrganization, BreadcrumbList",Live & Schema Validated
Blog: How to Build a Smart GMAT Prep Plan for a 700+ Sco...,https://www.mbawizards.co.in/blogs/how-can-i-build-a-smart-gmat-prep-plan-that-boosts-my-score-to-700-even-if-im-a-working-professional-or-struggling-with-quant-di,How to Build a Smart GMAT Prep Plan for ,"how can i build a smart gmat prep plan that boosts my score to 700 even if im a working professional or struggling with quant di, MBA admissions, GMAT Focus prep, exam debrief",How to Build a Smart GMAT Prep Plan for a 700+ Score as a Working Professional | MBA Wizards,"What is the Importance of The GMAT Exam? Particularly for an MBA, the Graduate Management Admission Test (GMAT) is a vital standardized test for students s",How to Build a Smart GMAT Prep Plan for a 700+ Score as a Working Professional,Key Insights | Strategy Framework | Expert Advice | Next Steps,"BlogPosting, EducationalOrganization, BreadcrumbList",Live & Schema Validated
Blog: GMAT 700+ in 30 Days – Enroll in Our Intensive Wee...,https://www.mbawizards.co.in/blogs/gmat-700-in-30-days-enroll-in-our-intensive-weekend-batch,GMAT 700+ in 30 Days – Enroll in Our Int,"gmat 700 in 30 days enroll in our intensive weekend batch, MBA admissions, GMAT Focus prep, exam debrief",GMAT 700+ in 30 Days – Enroll in Our Intensive Weekend Batch! | MBA Wizards,Why Aim for 700+ in the GMAT Exam? One very important first move on your preparation path is to set your GMAT goals; aiming for a score of 700 or better wo,GMAT 700+ in 30 Days – Enroll in Our Intensive Weekend Batch!,Key Insights | Strategy Framework | Expert Advice | Next Steps,"BlogPosting, EducationalOrganization, BreadcrumbList",Live & Schema Validated
Blog: GMAT Percentiles: How to Understand Them...,https://www.mbawizards.co.in/blogs/gmat-percentiles-how-to-understand-them,GMAT Percentiles,"gmat percentiles how to understand them, MBA admissions, GMAT Focus prep, exam debrief",GMAT Percentiles: How to Understand Them | MBA Wizards,What is the GMAT Exam? The GMAT (Graduate Management Admission Test) is of the highest value to possible business college applicants; it is greater than ju,GMAT Percentiles: How to Understand Them,Key Insights | Strategy Framework | Expert Advice | Next Steps,"BlogPosting, EducationalOrganization, BreadcrumbList",Live & Schema Validated
Blog: Improve your GMAT Verbal Score from a V30 to V40 w...,https://www.mbawizards.co.in/blogs/improve-your-gmat-verbal-score-from-a-v30-to-v40-with-these-four-secret-strategies,Improve your GMAT Verbal Score from a V3,"improve your gmat verbal score from a v30 to v40 with these four secret strategies, MBA admissions, GMAT Focus prep, exam debrief",Improve your GMAT Verbal Score from a V30 to V40 with these Four Secret Strategies | MBA Wizards,"What is The GMAT Verbal Examination? Used to evaluate the abilities of candidates applying for business school or graduate management programs, the GMAT Ve",Improve your GMAT Verbal Score from a V30 to V40 with these Four Secret Strategies,Key Insights | Strategy Framework | Expert Advice | Next Steps,"BlogPosting, EducationalOrganization, BreadcrumbList",Live & Schema Validated
Blog: How To Get Into Top Indian MBA Colleges in India A...,https://www.mbawizards.co.in/blogs/how-to-get-into-top-indian-mba-colleges-in-india-accepting-gmat,How To Get Into Top Indian MBA Colleges ,"how to get into top indian mba colleges in india accepting gmat, MBA admissions, GMAT Focus prep, exam debrief",How To Get Into Top Indian MBA Colleges in India Accepting GMAT | MBA Wizards,"Why GMAT Scores Matter for Indian MBA Admissions? The GMAT tests the skills that Indian business schools look for in their candidates, which are critical a",How To Get Into Top Indian MBA Colleges in India Accepting GMAT,Key Insights | Strategy Framework | Expert Advice | Next Steps,"BlogPosting, EducationalOrganization, BreadcrumbList",Live & Schema Validated
Blog: 2025-2026 GRE Test Dates | When Should You Take th...,https://www.mbawizards.co.in/blogs/2025-2026-gre-test-dates-when-should-you-take-the-gre,2025-2026 GRE Test Dates | When Should Y,"2025 2026 gre test dates when should you take the gre, MBA admissions, GMAT Focus prep, exam debrief",2025-2026 GRE Test Dates | When Should You Take the GRE? | MBA Wizards,What is the GRE? The Graduate Record Examination (GRE) functions as the essential advanced education admission criterion because it offers standardized tes,2025-2026 GRE Test Dates | When Should You Take the GRE?,Key Insights | Strategy Framework | Expert Advice | Next Steps,"BlogPosting, EducationalOrganization, BreadcrumbList",Live & Schema Validated
Blog: University Essay Writing Tips: How to Get Better a...,https://www.mbawizards.co.in/blogs/university-essay-writing-tips-how-to-get-better-at-essay-writing,University Essay Writing Tips,"university essay writing tips how to get better at essay writing, MBA admissions, GMAT Focus prep, exam debrief",University Essay Writing Tips: How to Get Better at Essay Writing | MBA Wizards,"Writing great essays is like having a superpower in college! No matter what you're studying, or if you're aiming for a business school or tackling big exam",University Essay Writing Tips: How to Get Better at Essay Writing,Key Insights | Strategy Framework | Expert Advice | Next Steps,"BlogPosting, EducationalOrganization, BreadcrumbList",Live & Schema Validated
Blog: 12 Strategies to Writing the Perfect College Essay...,https://www.mbawizards.co.in/blogs/12-strategies-to-writing-the-perfect-college-essay,12 Strategies to Writing the Perfect Col,"12 strategies to writing the perfect college essay, MBA admissions, GMAT Focus prep, exam debrief",12 Strategies to Writing the Perfect College Essay | MBA Wizards,"Your college essay is your chance to shine and show who you really are! It's super important, and I know it can feel a little daunting. But don't worry! I'",12 Strategies to Writing the Perfect College Essay,Key Insights | Strategy Framework | Expert Advice | Next Steps,"BlogPosting, EducationalOrganization, BreadcrumbList",Live & Schema Validated
Blog: How to Score 320 to 330 in GRE Exam in First Attem...,https://www.mbawizards.co.in/blogs/how-to-score-320-to-330-in-gre-exam-in-first-attempt,How to Score 320 to 330 in GRE Exam in F,"how to score 320 to 330 in gre exam in first attempt, MBA admissions, GMAT Focus prep, exam debrief",How to Score 320 to 330 in GRE Exam in First Attempt? | MBA Wizards,"Getting a 320 to 330 on the GRE? That's a fantastic goal, and guess what? You can totally do it! I've seen so many students nail it, and honestly, it's all",How to Score 320 to 330 in GRE Exam in First Attempt?,Key Insights | Strategy Framework | Expert Advice | Next Steps,"BlogPosting, EducationalOrganization, BreadcrumbList",Live & Schema Validated
Blog: How Long is the GRE? (2025) — And Your Full GRE Ti...,https://www.mbawizards.co.in/blogs/how-long-is-the-gre-2025-and-your-full-gre-timeline,How Long is the GRE? (2025) — And Your F,"how long is the gre 2025 and your full gre timeline, MBA admissions, GMAT Focus prep, exam debrief",How Long is the GRE? (2025) — And Your Full GRE Timeline | MBA Wizards,"Thinking about grad school overseas? Awesome! The GRE is a big part of that journey, and a question I hear a lot is, ""How long will this thing take?"" It's ",How Long is the GRE? (2025) — And Your Full GRE Timeline,Key Insights | Strategy Framework | Expert Advice | Next Steps,"BlogPosting, EducationalOrganization, BreadcrumbList",Live & Schema Validated
Blog: When Are You Really Ready to Take the GMAT?...,https://www.mbawizards.co.in/blogs/when-are-you-really-ready-to-take-the-gmat,When Are You Really Ready to Take the GM,"when are you really ready to take the gmat, MBA admissions, GMAT Focus prep, exam debrief",When Are You Really Ready to Take the GMAT? | MBA Wizards,"Picking the perfect time for your GMAT is like finding the sweet spot for a great adventure! You definitely don't want to jump in too soon, feeling unprepa",When Are You Really Ready to Take the GMAT?,Key Insights | Strategy Framework | Expert Advice | Next Steps,"BlogPosting, EducationalOrganization, BreadcrumbList",Live & Schema Validated
Blog: Cracking GMAT Critical Reasoning for Your MBA Jour...,https://www.mbawizards.co.in/blogs/cracking-gmat-critical-reasoning-for-your-mba-journey-a-comprehensive-guide,Cracking GMAT Critical Reasoning for Your MBA Journey,"cracking gmat critical reasoning for your mba journey a comprehensive guide, MBA admissions, GMAT Focus prep, exam debrief",Cracking GMAT Critical Reasoning for Your MBA Journey: A Comprehensive Guide | MBA Wizards,"Getting your MBA is a fantastic adventure, full of chances to learn and grow! One of the big steps along the way is the GMAT, and we know that Critical Rea",Cracking GMAT Critical Reasoning for Your MBA Journey: A Comprehensive Guide,Key Insights | Strategy Framework | Expert Advice | Next Steps,"BlogPosting, EducationalOrganization, BreadcrumbList",Live & Schema Validated
Blog: How To Clear GMAT : Strategy And Success Blueprint...,https://www.mbawizards.co.in/blogs/how-to-clear-gmat-strategy-and-success-blueprint,How To Clear GMAT,"how to clear gmat strategy and success blueprint, MBA admissions, GMAT Focus prep, exam debrief",How To Clear GMAT : Strategy And Success Blueprint | MBA Wizards,Cracking the GMAT is more than just academic preparation – it's about building a strategic approach that transforms your potential into remarkable success.,How To Clear GMAT : Strategy And Success Blueprint,Key Insights | Strategy Framework | Expert Advice | Next Steps,"BlogPosting, EducationalOrganization, BreadcrumbList",Live & Schema Validated
Blog: How to Prepare for GMAT at Home?...,https://www.mbawizards.co.in/blogs/how-to-prepare-for-gmat-at-home,How to Prepare for GMAT at Home?,"how to prepare for gmat at home, MBA admissions, GMAT Focus prep, exam debrief",How to Prepare for GMAT at Home? | MBA Wizards,"The business has a significant impact on global dynamics. A superb businessperson is a quick thinker who makes quick decisions. As a result, business schoo",How to Prepare for GMAT at Home?,Key Insights | Strategy Framework | Expert Advice | Next Steps,"BlogPosting, EducationalOrganization, BreadcrumbList",Live & Schema Validated
Blog: How long does it take to prepare for GMAT...,https://www.mbawizards.co.in/blogs/how-long-does-it-take-to-prepare-for-gmat-2,How long does it take to prepare for GMA,"how long does it take to prepare for gmat 2, MBA admissions, GMAT Focus prep, exam debrief",How long does it take to prepare for GMAT | MBA Wizards,"How long does it take to prepare for GMAT? How long does it take to prepare for GMAT? How many hours you should study to crack your GMAT? Well, the answer ",How long does it take to prepare for GMAT,Key Insights | Strategy Framework | Expert Advice | Next Steps,"BlogPosting, EducationalOrganization, BreadcrumbList",Live & Schema Validated
Blog: 17+ Exclusive Tricks & Tips to score 700+ in GMAT...,https://www.mbawizards.co.in/blogs/17-exclusive-tricks-tips-to-score-700-in-gmat-2,17+ Exclusive Tricks & Tips to score 700,"17 exclusive tricks tips to score 700 in gmat 2, MBA admissions, GMAT Focus prep, exam debrief",17+ Exclusive Tricks & Tips to score 700+ in GMAT | MBA Wizards,"17+ Exclusive Tricks & Tips to score 700+ in GMAT Well, almost every other GMAT applicant aims for a higher GMAT score, that is, a 700+ that will lead him ",17+ Exclusive Tricks & Tips to score 700+ in GMAT,Key Insights | Strategy Framework | Expert Advice | Next Steps,"BlogPosting, EducationalOrganization, BreadcrumbList",Live & Schema Validated
Blog: How long is GMAT score valid? GMAT Score Validity ...,https://www.mbawizards.co.in/blogs/how-long-is-gmat-score-valid-gmat-score-validity-in-india-abroad,How long is GMAT score valid? GMAT Score,"how long is gmat score valid gmat score validity in india abroad, MBA admissions, GMAT Focus prep, exam debrief",How long is GMAT score valid? GMAT Score Validity in India & Abroad | MBA Wizards,the GMAT scores and how long they are valid. The entire process to prepare for the GMAT can really be intriguing and challenging at the same time. You migh,How long is GMAT score valid? GMAT Score Validity in India & Abroad,Key Insights | Strategy Framework | Expert Advice | Next Steps,"BlogPosting, EducationalOrganization, BreadcrumbList",Live & Schema Validated
Blog: How to get a scholarship for an MBA through GMAT?...,https://www.mbawizards.co.in/blogs/how-to-get-a-scholarship-for-an-mba-through-gmat,How to get a scholarship for an MBA thro,"how to get a scholarship for an mba through gmat, MBA admissions, GMAT Focus prep, exam debrief",How to get a scholarship for an MBA through GMAT? | MBA Wizards,"Many students appearing for their GMAT usually look to achieve a higher score not only to get admitted to their favourite top B-school, but also to garner ",How to get a scholarship for an MBA through GMAT?,Key Insights | Strategy Framework | Expert Advice | Next Steps,"BlogPosting, EducationalOrganization, BreadcrumbList",Live & Schema Validated
Blog: How To Choose the Right GMAT Coaching Centre in De...,https://www.mbawizards.co.in/blogs/how-to-choose-the-right-gmat-coaching-centre-in-delhi,How To Choose the Right GMAT Coaching Ce,"how to choose the right gmat coaching centre in delhi, MBA admissions, GMAT Focus prep, exam debrief",How To Choose the Right GMAT Coaching Centre in Delhi | MBA Wizards,"Planning to take admission in the top management and business school? For this, you have to clear the GMAT exam which is a little scary for MBA aspirants. ",How To Choose the Right GMAT Coaching Centre in Delhi,Key Insights | Strategy Framework | Expert Advice | Next Steps,"BlogPosting, EducationalOrganization, BreadcrumbList",Live & Schema Validated
Blog: GMAT Coaching in Classroom & Online Live Classes...,https://www.mbawizards.co.in/blogs/gmat-coaching-in-classroom-online-live-classes,GMAT Coaching in Classroom & Online Live,"gmat coaching in classroom online live classes, MBA admissions, GMAT Focus prep, exam debrief",GMAT Coaching in Classroom & Online Live Classes | MBA Wizards,Are you a dedicated GMAT aspirant and want to clear the exam? But don’t know which preparation method or strategy you should use? Then you are in the right,GMAT Coaching in Classroom & Online Live Classes,Key Insights | Strategy Framework | Expert Advice | Next Steps,"BlogPosting, EducationalOrganization, BreadcrumbList",Live & Schema Validated
Blog: How GMAT is scored...,https://www.mbawizards.co.in/blogs/how-gmat-is-scored,How GMAT is scored,"how gmat is scored, MBA admissions, GMAT Focus prep, exam debrief",How GMAT is scored | MBA Wizards,"GMAT score is accepted by all top business-level management schools in the world. So, your GMAT preparation is good enough to get your admission to top MBA",How GMAT is scored,Key Insights | Strategy Framework | Expert Advice | Next Steps,"BlogPosting, EducationalOrganization, BreadcrumbList",Live & Schema Validated
Blog: How and Why COVID Effect On GMAT Preparation...,https://www.mbawizards.co.in/blogs/how-and-why-covid-effect-on-gmat-preparation,How and Why COVID Effect On GMAT Prepara,"how and why covid effect on gmat preparation, MBA admissions, GMAT Focus prep, exam debrief",How and Why COVID Effect On GMAT Preparation | MBA Wizards,The growth and development of any country’s economy is measured in terms of the quality of education dispersed as well as its obvious reach. Ever since the,How and Why COVID Effect On GMAT Preparation,Key Insights | Strategy Framework | Expert Advice | Next Steps,"BlogPosting, EducationalOrganization, BreadcrumbList",Live & Schema Validated
Blog: GMAT Study Guide 2026 | Complete Exam Prep & Coach...,https://www.mbawizards.co.in/blogs/gmat-study-guide-2026,GMAT Study Guide 2026 | Complete Exam Pr,"gmat study guide 2026, MBA admissions, GMAT Focus prep, exam debrief",GMAT Study Guide 2026 | Complete Exam Prep & Coaching Tips | MBA Wizards,Discover proven strategies to build a compelling MBA profile with minimal work experience. Expert tips for fresh graduates and early-career professionals.,GMAT Study Guide 2026 | Complete Exam Prep & Coaching Tips,Key Insights | Strategy Framework | Expert Advice | Next Steps,"BlogPosting, EducationalOrganization, BreadcrumbList",Live & Schema Validated
